"sep=,"
"received_message","pattern_matching","reply_message","multiple_replies","multiple_reply_delay","multiple_reply_delay_max","recipients","contacts","ignored_contacts","reply_delay","reply_delay_max","specific_times","monday","tuesday","wednesday","thursday","friday","saturday","sunday","pause_type","pause_value","disabled","subrule_of","go_to_rule","req_screen_off","req_charging","req_silent","req_do_not_disturb","req_car_mode","prev_rule_timeout","priority_alert","probability","package_names","label"
"*","none","-︵ٜ⊹۬︵߭ꥈ̟⏜ׄ︵̇୨ ꥇ👋😃 ୧̟︵۬߭⏜ꥇ̇︵⊹︵\n    🎊   *B I E N V E N I D O / A*✨\n  ⏝۬̇ꥇ︶ꥇ⊹۬︶̇⏝۬︶ᨘ⊹߭︶ׅꥇ⏝߭︶۬⊹ꥈ︶⏝\n\n\n ◌⃞👤Usuario :*%name%*\n ◌⃞🪀Grupo :*%chat_name%*\n ◌⃞⏰Hora :*%hour%:%minute%  %am/pm%*\n\nUse ""/menu"" para ver la lista","single","","","g","","","","","0","","","","","","","","messages","1000000","0","","",,,,"1",,,,,,
"*https:*","normal","*🀃 ᴳᴼᴷᵁ (𐫱) 𝙱 𝙻 𝙰 𝙲 𝙺  🀃  🜲* 🔥\n\n𝑯𝒆𝒚 _!%name%!_ 𝒆𝒍 \n𝒂𝒏𝒕𝒊𝒍𝒊𝒏𝒌 𝒆𝒔𝒕𝒂 𝒂𝒄𝒕𝒊𝒗𝒐 𝒔𝒆𝒓𝒂𝒔 \n𝒆𝒍𝒊𝒎𝒊𝒏𝒂𝒅𝒐 𝒅𝒆𝒍 𝒈𝒓𝒖𝒑𝒐 ... 😤<#>*🀃 ᴳᴼᴷᵁ (𐫱) 𝙱 𝙻 𝙰 𝙲 𝙺  🀃  🜲* 🔥\n\n𝑼𝒔𝒖𝒂𝒓𝒊𝒐 _!%name%!_\n𝒉𝒂 𝒔𝒊𝒅𝒐 𝒆𝒍𝒊𝒎𝒊𝒏𝒂𝒅𝒐 𝒆𝒙𝒊𝒕𝒐𝒔𝒂𝒎𝒆𝒏𝒕𝒆 ⚠️","all","10","10","g","","","","","0","","","","","","","","seconds","1","0","","",,,,"1",,,"1",,,
"/delete","none","*🀃 ᴳᴼᴷᵁ (𐫱) 𝙱 𝙻 𝙰 𝙲 𝙺  🀃  🜲* 🔥\n\n*𝐒𝐞 𝐞𝐬𝐭𝐚 𝐞𝐥𝐢𝐦𝐢𝐧𝐚𝐧𝐝𝐨 𝐞𝐥 𝐦𝐞𝐧𝐬𝐚𝐣𝐞* \n*𝐩𝐨𝐫 𝐟𝐚𝐯𝐨𝐫 𝐞𝐬𝐩𝐞𝐫𝐞 𝐮𝐧 𝐦𝐨𝐦𝐞𝐧𝐭𝐨 ...*\n\nSi el bot no es admin no podra \neliminar el mensaje ❌<#>*🀃 ᴳᴼᴷᵁ (𐫱) 𝙱 𝙻 𝙰 𝙲 𝙺  🀃  🜲* 🔥\n\n𝐒𝐞 𝐞𝐥𝐢𝐦𝐢𝐧𝐨 𝐞𝐥 𝐦𝐞𝐧𝐬𝐚𝐣𝐞 𝐜𝐨𝐧 𝐞𝐱𝐢𝐭𝐨 ✅","all","5","5","g","","","","","0","","","","","","","","seconds","1","0","","",,,,"1",,,,,,
"/tag all","none","*🀃 ᴳᴼᴷᵁ (𐫱) 𝙱 𝙻 𝙰 𝙲 𝙺  🀃  🜲* 🔥\n\n𝑰𝒏𝒗𝒐𝒄𝒂𝒏𝒅𝒐 𝒂𝒍 𝒈𝒓𝒖𝒑𝒐 🔱\n\n𝐍𝐨𝐦𝐛𝐫𝐞 𝐝𝐞𝐥 𝐠𝐫𝐮𝐩𝐨 : 🪀\n%chat_name%\n\n𝐔𝐬𝐮𝐚𝐫𝐢𝐨 :  👤\n%name%\n\n❃━━━━━━━━━━━━━━━━❃\n> @%name%\n> @+51913444298\n> @\n> @\n> @\n> @\n> @","single","","","g","","","","","0","","","","","","","","seconds","1","0","","",,,,"1",,,,,,
"/menu","none","*🀃 ᴳᴼᴷᵁ (𐫱) 𝙱 𝙻 𝙰 𝙲 𝙺  🀃  🜲* 🔥\n\n_▇▇▇▇  ▇▇▇▇  ▇      ▇  ▇      ▇_       \n_▇           ▇      ▇  ▇      ▇  ▇      ▇_      \n_▇   ▇▇  ▇      ▇  ▇▇▇     ▇      ▇_     \n_▇      ▇  ▇      ▇  ▇      ▇  ▇      ▇_     \n_▇▇▇▇  ▇▇▇▇  ▇      ▇  ▇▇▇▇_\n                                                                  \n_▇▇▇  ▇        ▇▇▇  ▇▇▇  ▇   ▇_        \n_▇   ▇  ▇        ▇   ▇  ▇        ▇   ▇_       \n_▇▇     ▇        ▇▇▇  ▇        ▇▇_          \n_▇   ▇  ▇        ▇   ▇  ▇        ▇  ▇_         \n_▇▇▇  ▇▇▇  ▇   ▇  ▇▇▇  ▇   ▇_      \n                                                                   \n*𝑯𝒐𝒍𝒂 💫 %name% !!*\n*𝒔𝒆 𝒆𝒔𝒕𝒂 𝒆𝒏𝒗𝒊𝒂𝒏𝒅𝒐 𝒆𝒍 𝒎𝒆𝒏𝒖́ 𝒅𝒆𝒍*\n*𝒃𝒐𝒕, 𝒆𝒔𝒑𝒆𝒓𝒆 𝒖𝒏 𝒎𝒐𝒎𝒆𝒏𝒕𝒐 ...*<#>*🀃 ᴳᴼᴷᵁ (𐫱) 𝙱 𝙻 𝙰 𝙲 𝙺  🀃  🜲* 🔥\n\n╭━─━━─≪ㄓ≫━─━━─╮\n> 👤 *Nombre:%name%*\n> 💫 *Ki:%rndm_custom_1_1,2,3,4,5,6,7,8,9,0%*\n> 💸 *XP:%rndm_custom_4_1,2,3,4,5,6,7,8,9,0%*\n> ⛓️ *Nivel:%rndm_num_1_2%*\n╰━──━─≪ㄓ≫━─━━─╯\n\n\n ‎‎‎‎‎‎‎‎‎‎‎‎‎‎‎‎‎‎‎‎‎‎‎‎‎‎‎‎‎‎‎‎‎‎‎‎‎‎‎‎‎‎‎‎‎‎‎‎‎‎‎‎‎‎‎‎‎‎‎‎‎‎‎‎‎‎‎‎‎‎‎‎‎‎‎‎‎‎‎‎‎‎‎‎‎‎‎‎‎‎‎‎‎‎‎‎‎‎‎‎‎‎‎‎‎‎‎‎‎‎‎‎‎‎‎‎‎‎‎‎‎‎‎‎‎‎‎‎‎‎‎‎‎‎‎‎‎‎‎‎‎‎‎‎‎‎‎‎‎‎‎‎‎‎‎‎‎‎‎‎‎‎‎‎‎‎‎‎‎‎‎‎‎‎‎‎‎‎‎‎‎‎‎‎‎‎‎‎‎‎‎‎‎‎‎‎‎‎‎‎‎‎‎‎‎‎‎‎‎‎‎‎‎‎‎‎‎‎‎‎‎‎‎‎‎‎‎‎‎‎‎‎‎‎‎‎‎‎‎‎‎‎‎‎‎‎‎‎‎‎‎‎‎‎‎‎‎‎‎‎‎‎‎‎‎‎‎‎‎‎‎‎‎‎‎‎‎‎‎‎‎‎‎‎‎‎‎‎‎‎‎‎‎‎‎‎‎‎‎‎‎‎‎‎‎‎‎‎‎‎‎‎‎‎‎‎‎‎‎‎‎‎‎‎‎‎‎‎‎‎‎‎‎‎‎‎‎‎‎‎‎‎‎‎‎‎‎‎‎‎‎‎‎‎‎‎‎‎‎‎‎‎‎‎‎‎‎‎‎‎‎‎‎‎‎‎‎‎‎‎‎‎‎‎‎‎‎‎‎‎‎‎‎‎‎‎‎‎‎‎‎‎‎‎‎‎‎‎‎‎‎‎‎‎‎‎‎‎‎‎‎‎‎‎‎‎‎‎‎‎‎‎‎‎‎‎‎‎‎‎‎‎‎‎‎‎‎‎‎‎‎‎‎‎‎‎‎‎‎‎‎‎‎‎‎‎‎‎‎‎‎‎‎‎‎‎‎‎‎‎‎‎‎‎‎‎‎‎‎‎‎‎‎‎‎‎‎‎‎‎‎‎‎‎‎‎‎‎‎‎‎‎‎‎‎‎‎‎‎‎‎‎‎‎‎‎‎‎‎‎‎‎‎‎‎‎‎‎‎‎‎‎‎‎‎‎‎‎‎‎‎‎‎‎‎‎‎‎‎‎‎‎‎‎‎‎‎‎‎‎‎‎‎‎‎‎‎‎‎‎‎‎‎‎‎‎‎‎‎‎‎‎‎‎‎‎‎‎‎‎‎‎‎‎‎‎‎‎‎‎‎‎‎‎‎‎‎‎‎‎‎‎‎‎‎‎‎‎‎‎‎‎‎‎‎‎‎‎‎‎‎‎‎‎‎‎‎‎‎‎‎‎‎‎‎‎‎‎‎‎‎‎‎‎‎‎‎‎‎‎‎‎‎‎‎‎‎‎‎‎‎‎‎‎‎‎‎‎‎‎‎‎‎‎‎‎‎‎‎‎‎‎‎‎‎‎‎‎‎‎‎‎‎‎‎‎‎‎‎‎‎‎‎‎‎‎‎‎‎‎‎‎‎‎‎‎‎‎‎‎‎‎‎‎‎‎‎‎‎‎‎‎‎‎‎‎‎‎‎‎‎‎‎‎‎‎‎‎‎‎‎‎‎‎‎‎‎‎‎‎‎‎‎‎‎‎‎‎‎‎‎‎‎‎‎‎‎‎‎‎‎‎‎‎‎‎‎‎‎‎‎‎‎‎‎‎‎‎‎‎‎‎‎‎‎‎‎‎‎‎‎‎‎‎‎‎‎‎‎‎‎‎‎‎‎‎‎‎‎‎‎‎‎‎‎‎‎‎‎‎‎‎‎‎‎‎‎‎‎‎‎‎‎‎‎‎‎‎‎‎‎‎‎‎‎‎‎‎‎‎‎‎‎‎‎‎‎‎‎‎‎‎‎‎‎‎‎‎‎‎‎‎‎‎‎‎‎‎‎‎‎‎‎‎‎‎‎‎‎‎‎‎‎‎‎‎‎‎‎‎‎‎‎‎‎‎‎‎‎‎‎‎‎‎‎‎‎‎‎‎‎‎‎‎‎‎‎‎‎‎‎‎‎‎‎‎‎‎‎‎‎‎‎‎‎‎‎‎‎‎‎‎‎‎‎‎‎‎‎‎‎‎‎‎‎‎‎‎‎‎‎‎‎‎‎‎‎‎‎‎‎‎‎‎‎‎‎‎‎‎‎‎‎‎‎‎‎‎‎‎‎‎‎‎‎‎‎‎‎‎‎‎‎‎‎‎‎‎‎‎‎‎‎‎‎‎‎‎‎‎‎‎‎‎‎‎‎‎‎‎‎‎‎‎‎‎‎‎‎‎‎‎‎‎‎‎‎‎‎‎‎‎‎‎‎‎‎‎‎‎‎‎‎‎‎‎‎‎‎‎‎‎‎‎‎‎‎‎‎‎‎‎‎‎‎‎‎‎‎‎‎‎‎‎‎‎‎‎‎‎‎‎‎‎‎‎‎‎‎‎‎‎‎‎‎‎‎‎‎‎‎‎‎‎‎‎‎‎‎‎‎‎‎‎‎‎‎‎‎‎‎‎‎‎‎‎‎‎‎‎‎‎‎‎‎‎‎‎‎‎‎‎‎‎‎‎‎‎‎‎‎‎‎‎‎‎‎‎‎‎‎‎‎‎‎‎‎‎‎‎‎‎‎‎‎‎‎‎‎‎‎‎‎‎‎‎‎‎‎‎‎‎‎‎‎‎‎‎‎‎‎‎‎‎‎‎‎‎‎‎‎‎‎‎‎‎‎‎‎‎‎‎‎‎‎‎‎‎‎‎‎‎‎‎‎‎‎‎‎‎‎‎‎‎‎‎‎‎‎‎‎‎‎‎‎‎‎‎‎‎‎‎‎‎‎‎‎‎‎‎‎‎‎‎‎‎‎‎‎‎‎‎‎‎‎‎‎‎‎‎‎‎‎‎‎‎‎‎‎‎‎‎‎‎‎‎‎‎‎‎‎‎‎‎‎‎‎‎‎‎‎‎‎‎‎‎‎‎‎‎‎‎‎‎‎‎‎‎‎‎‎‎‎‎‎‎‎‎‎‎‎‎‎‎‎‎‎‎‎‎‎‎‎‎‎‎‎‎‎‎‎‎‎‎‎‎‎‎‎‎‎‎‎‎‎‎‎‎‎‎‎‎‎‎‎‎‎‎‎‎‎‎‎‎‎‎‎‎‎‎‎‎‎‎‎‎‎‎‎‎‎‎‎‎‎‎‎‎‎‎‎‎‎‎‎‎‎‎‎‎‎‎‎‎‎‎‎‎‎‎‎‎‎‎‎‎‎‎‎‎‎‎‎‎‎‎‎‎‎‎‎‎‎‎‎‎‎‎‎‎‎‎‎‎‎‎‎‎‎‎‎‎‎‎‎‎‎‎‎‎‎‎‎‎‎‎‎‎‎‎‎‎‎‎‎‎‎‎‎‎‎‎‎‎‎‎‎‎‎‎‎‎‎‎‎‎‎‎‎‎‎‎‎‎‎‎‎‎‎‎‎‎‎‎‎‎‎‎‎‎‎‎‎‎‎‎‎‎‎‎‎‎‎‎‎‎‎‎‎‎‎‎‎‎‎‎‎‎‎‎‎‎‎‎‎‎‎‎‎‎‎‎‎‎‎‎‎‎‎‎‎‎‎‎‎‎‎‎‎‎‎‎‎‎‎‎‎‎‎‎‎‎‎‎‎‎‎‎‎‎‎‎‎‎‎‎‎‎‎‎‎‎‎‎‎‎‎‎‎‎‎‎‎‎‎‎‎‎‎‎‎‎‎‎‎‎‎‎‎‎‎‎‎‎‎‎‎‎‎‎‎‎‎‎‎‎‎‎‎‎‎‎‎‎‎‎‎‎‎‎‎‎‎‎‎‎‎‎‎‎‎‎‎‎‎‎‎‎‎‎‎‎‎‎‎‎‎‎‎‎‎‎‎‎‎‎‎‎‎‎‎‎‎‎‎‎‎‎‎‎‎‎‎‎‎‎‎‎‎‎‎‎‎‎‎‎‎‎‎‎‎‎‎‎‎‎‎‎‎‎‎‎‎‎‎‎‎‎‎‎‎‎‎‎‎‎‎‎‎‎‎‎‎‎‎‎‎‎‎‎‎‎‎‎‎‎‎‎‎‎‎‎‎‎‎‎‎‎‎‎‎‎‎‎‎‎‎‎‎‎‎‎‎‎‎‎‎‎‎‎‎‎‎‎‎‎‎‎‎‎‎‎‎‎‎‎‎‎‎‎‎‎‎‎‎‎‎‎‎‎‎‎‎‎‎‎‎‎‎‎‎‎‎‎‎‎‎‎‎‎‎‎‎‎‎‎‎‎‎‎‎‎‎‎‎‎‎‎‎‎‎‎‎‎‎‎‎‎‎‎‎‎‎‎‎‎‎‎‎‎‎‎‎‎‎‎‎‎‎‎‎‎‎‎‎‎‎‎‎‎‎‎‎‎‎‎‎‎‎‎‎‎‎‎‎‎‎‎‎‎‎‎‎‎‎‎‎‎‎‎‎‎‎‎‎‎‎‎‎‎‎‎‎‎‎‎‎‎‎‎‎‎‎‎‎‎‎‎‎‎‎‎‎‎‎‎‎‎‎‎‎‎‎‎‎‎‎‎‎‎‎‎‎‎‎‎‎‎‎‎‎‎‎‎‎‎‎‎‎‎‎‎‎‎‎‎‎‎‎‎‎‎‎‎‎‎‎‎‎‎‎‎‎‎‎‎‎‎‎‎‎‎‎‎‎‎‎‎‎‎‎‎‎‎‎‎‎‎‎‎‎‎‎‎‎‎‎‎‎‎‎‎‎‎‎‎‎‎‎‎‎‎‎‎‎‎‎‎‎‎‎‎‎‎‎‎‎‎‎‎‎‎‎‎‎‎‎‎‎‎‎‎‎‎‎‎‎‎‎‎‎‎‎‎‎‎‎‎‎‎‎‎‎‎‎‎‎‎‎‎‎‎‎‎‎‎‎‎‎‎‎‎‎‎‎‎‎‎‎‎‎‎‎‎‎‎‎‎‎‎‎‎‎‎‎‎‎‎‎‎‎‎‎‎‎‎‎‎‎‎‎‎‎‎‎‎‎‎‎‎‎‎‎‎‎‎‎‎‎‎‎‎‎‎‎‎‎‎‎‎‎‎‎‎‎‎‎‎‎‎‎‎‎‎‎‎‎‎‎‎‎‎‎‎‎‎‎‎‎‎‎‎‎‎‎‎‎‎‎‎‎‎‎‎‎‎‎‎‎‎‎‎‎‎‎‎‎‎‎‎‎‎‎‎‎‎‎‎‎‎‎‎‎‎‎‎‎‎‎‎‎‎‎‎‎‎‎‎‎‎‎‎‎‎‎‎‎‎‎‎‎‎‎‎‎‎‎‎‎‎‎‎‎‎‎‎‎‎‎‎‎‎‎‎‎‎‎‎‎‎‎‎‎‎‎‎‎‎‎‎‎‎‎‎‎‎‎‎‎‎‎‎‎‎‎‎‎‎‎‎‎‎‎‎‎‎‎‎‎‎‎‎‎‎‎‎‎‎‎‎‎‎‎‎‎‎‎‎‎‎‎‎‎‎‎‎‎‎‎‎‎‎‎‎‎‎‎‎‎‎‎‎‎‎‎‎‎‎‎‎‎‎‎‎‎‎‎‎‎‎‎‎‎‎‎‎‎‎‎‎‎‎‎‎‎‎‎‎‎‎‎‎‎‎‎‎‎‎‎‎‎‎‎‎‎‎‎‎‎‎‎‎‎‎‎‎‎‎‎‎‎‎‎‎‎‎‎‎‎‎‎‎‎‎‎‎‎‎‎‎‎‎‎‎‎‎‎‎‎‎‎‎‎‎‎‎‎‎‎‎‎‎‎‎‎‎‎‎‎‎‎‎‎‎‎‎‎‎‎‎‎‎‎‎‎‎‎‎‎‎‎‎‎‎‎‎‎‎‎‎‎‎‎‎‎‎‎‎‎‎‎‎‎‎‎‎‎‎‎‎‎‎‎‎‎‎‎‎‎‎‎‎‎‎‎‎‎‎‎‎‎‎‎‎‎‎‎‎‎‎‎‎‎‎‎‎‎‎‎‎‎‎‎‎‎‎‎‎‎‎‎‎‎‎‎‎‎‎‎‎‎‎‎‎‎‎‎‎‎‎‎‎‎‎‎‎‎‎‎‎‎‎‎‎‎‎‎‎‎‎‎‎‎‎‎‎‎‎‎‎‎‎‎‎‎‎‎‎‎‎‎‎‎‎‎‎‎‎‎‎‎‎‎‎‎‎‎‎‎‎‎‎‎‎‎‎‎‎‎‎‎‎‎‎‎‎‎‎‎‎‎‎‎‎‎‎‎‎‎‎‎‎‎‎‎‎‎‎‎‎‎‎‎‎‎‎‎‎‎‎‎‎‎‎‎‎‎‎‎‎‎‎‎‎‎‎‎‎‎‎‎‎‎‎‎‎‎‎‎‎‎‎‎‎‎‎‎‎‎‎‎‎‎‎‎‎‎‎‎‎‎‎‎‎‎‎‎‎‎‎‎‎‎‎‎‎‎‎‎‎‎‎‎‎‎‎‎‎‎‎‎‎‎‎‎‎‎‎‎‎‎‎‎‎‎‎‎‎‎‎‎‎‎‎‎‎‎‎‎‎‎‎‎‎‎‎‎‎‎‎‎‎‎‎‎‎‎‎‎‎‎‎‎‎‎‎‎‎‎‎‎‎‎‎‎‎‎‎‎‎‎‎‎‎‎‎‎‎‎‎‎‎‎‎‎‎‎‎‎‎‎‎‎‎‎‎‎‎‎‎‎‎‎‎‎‎‎‎‎‎‎‎‎‎‎‎‎‎‎‎‎‎‎‎‎‎‎‎‎‎‎‎‎‎‎‎‎‎‎‎‎‎‎‎‎‎‎‎‎‎‎‎‎‎‎‎‎‎‎‎‎‎‎‎‎‎‎‎‎‎‎‎‎‎‎‎‎‎‎‎‎‎‎‎‎‎‎‎‎‎‎‎‎‎‎‎‎‎‎‎‎‎‎‎‎‎‎‎‎‎‎‎‎‎‎‎‎‎‎‎‎‎‎‎‎‎‎‎‎‎‎‎‎‎‎‎‎‎‎‎‎‎‎‎‎‎‎‎‎‎‎‎‎‎‎‎‎‎‎‎‎‎‎‎‎‎‎‎‎‎‎‎‎‎‎‎‎‎‎‎‎‎‎‎‎‎‎‎‎‎‎‎‎‎‎‎‎‎‎‎‎‎‎‎‎‎‎‎‎‎‎‎‎‎‎‎‎‎‎‎‎‎‎‎‎‎‎‎‎‎‎‎‎‎‎‎‎‎‎‎‎‎‎‎‎‎‎‎‎‎‎‎‎‎‎‎‎‎‎‎‎‎‎‎‎‎‎‎‎‎‎‎‎‎‎‎‎‎‎‎‎‎‎‎‎‎‎‎‎‎‎‎‎‎‎‎‎‎‎‎‎‎‎‎‎‎‎‎‎‎‎‎‎‎‎‎‎‎‎‎‎‎‎‎‎‎‎‎‎‎‎‎‎‎‎‎‎‎‎‎‎‎‎‎‎‎‎‎‎‎‎‎‎‎‎‎‎‎‎‎‎‎‎‎‎‎‎‎‎‎‎‎‎‎‎‎‎‎‎‎‎‎‎‎‎‎‎‎‎‎‎‎‎‎‎‎‎‎‎‎‎‎‎‎‎‎‎‎‎‎‎‎‎‎‎‎‎‎‎‎‎‎‎‎‎‎‎‎‎‎‎‎‎‎‎‎‎‎‎‎‎‎‎‎‎‎‎‎‎‎‎‎‎‎‎‎‎‎‎‎‎‎‎‎‎‎‎‎‎‎‎‎‎‎‎‎‎‎‎‎‎‎‎‎‎‎‎‎‎‎‎‎‎‎‎‎‎‎‎‎‎‎‎‎‎‎‎‎‎‎‎‎‎‎‎‎‎‎‎‎‎‎‎‎‎‎‎‎‎‎‎‎‎‎‎‎‎‎‎‎‎‎‎‎‎‎‎‎‎‎‎‎‎‎‎‎‎‎‎‎‎‎‎‎‎‎‎‎‎‎‎‎‎‎‎‎‎‎‎‎‎‎‎‎‎‎‎‎‎‎‎‎‎‎‎‎‎‎‎‎‎‎‎‎‎‎‎‎‎‎‎‎‎‎‎‎‎‎‎‎‎‎‎‎‎‎‎‎‎‎‎‎‎‎‎‎‎‎‎‎‎‎‎‎‎‎‎‎‎‎‎‎‎‎‎‎‎‎‎‎‎‎‎‎‎‎‎‎‎‎‎‎‎‎‎‎‎‎‎‎‎‎‎‎‎‎‎‎‎‎‎‎‎‎‎‎‎‎‎‎‎‎‎‎‎‎‎‎‎‎‎‎‎‎‎‎‎‎‎‎‎‎‎‎‎‎‎‎‎‎‎‎‎‎‎‎‎‎‎‎‎‎‎‎‎‎‎‎‎‎‎‎‎‎‎‎‎‎‎‎‎‎‎‎‎‎‎‎‎‎‎‎‎‎‎‎‎‎‎‎‎‎‎‎‎‎‎‎‎‎‎‎‎‎‎‎‎‎‎‎‎‎‎‎‎‎‎‎‎‎‎‎‎‎‎‎‎‎‎‎‎‎‎‎‎‎‎‎‎‎‎‎‎‎‎‎‎‎‎‎‎‎‎‎‎‎‎‎‎‎‎‎‎‎‎‎‎‎‎‎‎‎‎‎‎‎‎‎‎‎‎‎‎‎‎‎‎‎‎‎‎‎‎‎‎‎‎‎‎‎‎‎‎‎‎‎‎‎‎‎‎‎‎‎‎‎‎‎‎‎\n\n> .    ╭─ׅ──ׅ┈ ───────ׅ─ׅ┈ ─╮\n> ╭╼       _🄸🄽🄵🄾 🄱🄾🅃_        ㋦\n> .|   ╰─ׅ──ׅ┈ ───────ׅ─ׅ┈ ─╯\n> ├ׁ̟̇〄🤖Ⓑ𝚘𝚝:*Principal * \n> ├ׁ̟̇〄🌐Ⓥ𝚎𝚛𝚜𝚒𝚘́𝚗:*0.90.40*\n> ├ׁ̟̇〄👨🏻‍💻Ⓒ𝚛𝚎𝚊𝚍𝚘𝚛:*ᶻˣᴄʟɪɴᴛᴏɴ*\n> ├ׁ̟̇〄✅Ⓢ𝚒𝚜𝚝𝚎𝚖𝚊:*𝖯𝗎́𝖻𝗅𝗂𝖼𝗈*\n> ├ׁ̟̇〄⏳Ⓐ𝚌𝚝𝚒𝚟𝚊𝚜:*-:--:-*\n> ╰─────┈ ───────┈──╯\n\n*☆  `𝗠 𝗘 𝗡 𝗨 - 𝗟 𝗜 𝗦 𝗧 𝗔`*\n\n╒════════════════╕\n╎     *𝙼𝙴𝙽𝚄́ 𝙿𝚁𝙸𝙽𝙲𝙸𝙿𝙰𝙻*\n╞══════📁📚══════╕\n╎㋦ `/menu`\n╎㋦ `/creador`\n╎㋦ `/grupos`\n╎㋦ `/canal`\n╘══════📁📚══════╛\n\n╒════════════════╕\n╎       *𝙼𝙴𝙽𝚄 𝙹𝚄𝙴𝙶𝙾𝚂* \n╞══════🎳🧩══════╕\n╎㋦ `/palabra`\n╎㋦ `/trivia`\n╎㋦ `/mate`\n╎㋦ `/sopa`\n╎㋦ `/dado`\n╎㋦ `/ppt`\n╎㋦ `/ruleta rusa`\n╎㋦ `/emogis`\n╎㋦ `/ahorcado`\n╎㋦ `/pelicula`\n╎㋦ `/misterio`\n╎㋦ `/cara`\n╎㋦ `/cello`\n╎㋦ `/worfind`\n╎㋦ `/slot`\n╎㋦ `/ruleta`\n╎㋦ `/dif`\n╘══════🎳🧩══════╛\n\n╒════════════════╕ \n╎ *𝙼𝙴𝙽𝚄́ 𝙴𝙽𝚃𝚁𝙴𝚃𝙴𝙽𝙸𝙼𝙸𝙴𝙽𝚃𝙾*\n╞══════✨🎊══════╕\n╎㋦ `/prndm`\n╎㋦ `/gay<txt>`\n╎㋦ `/lesbiana<txt>`\n╎㋦ `/pansexual<txt>`\n╎㋦ `/puto<txt>`\n╎㋦ `/puta<txt>`\n╎㋦ `/furro<txt>`\n╎㋦ `/pegar a<txt>`\n╎㋦ `/loko<txt>`\n╎㋦ `/loka<txt>`\n╎㋦ `/disparar a<txt>`\n╎㋦ `/pareja de<txt>`\n╎㋦ `/terminar`\n╘══════✨🎊══════╛\n\n╒════════════════╕ \n╎         *𝙹𝚄𝙴𝙶𝙾𝚂 𝚁-𝙿-𝙶*\n╞══════🪴☄️══════╕\n╎㋦ `/aventura`\n╎㋦ `/cazar`\n╎㋦ `/minar`\n╎㋦ `/work`\n╎㋦ `/crimen`\n╎㋦ `/suerte`\n╎㋦ `/minar2`\n╎㋦ `/minar exp`\n╎㋦ `/trabajar`\n╎㋦ `/minar diamantes`\n╘══════🪴☄️══════╛\n\n╒════════════════╕ \n╎      *𝙼𝙴𝙽𝚄 𝙴𝙲𝙾𝙽𝙾𝙼𝙸𝙰*\n╞══════🪄💰══════╕\n╎㋦ `/lvlup`\n╎㋦ `/lvl`\n╎㋦ `/top`\n╎㋦ `/buy`\n╎㋦ `/bank`\n╎㋦ `/dayli`\n╎㋦ `/claim`\n╎㋦ `/cofre`\n╎㋦ `/regalo`\n╎㋦ `/retirar`\n╎㋦ `/depositar`\n╎㋦ `/inventario`\n╘══════🪄💰══════╛\n\n╒════════════════╕ \n╎      *𝙼𝙴𝙽𝚄 𝙳𝙴𝚂𝙲𝙰𝚁𝙶𝙰𝚂*\n╞══════📸🎧══════╕\n╎㋦ `/apk<txt>`\n╎㋦ `/play<txt>`\n╎㋦ `/imagen<txt>`\n╎㋦ `/tiktok<txt>`\n╘══════📸🎧══════╛\n\n╒════════════════╕ \n╎         *𝙼𝙴𝙽𝚄 𝙳𝙴𝙻 𝙱𝙾𝚃*\n╞══════🤖👾══════╕\n╎㋦ `/bots`\n╎㋦ `/ping`\n╎㋦ `/serbot`\n╎㋦ `/estado`\n╎㋦ `/infobot`\n╎㋦ `/runtime`\n╎㋦ `/bot<txt>`\n╎㋦ `/baterybot`\n╘══════🤖👾══════╛\n\n╒════════════════╕ \n╎      *𝙼𝙴𝙽𝚄 𝙳𝙴 𝚁𝙴𝙶𝙸𝚂𝚃𝚁𝙾*\n╞══════🪪🌌══════╕\n╎㋦ `/reg`\n╎㋦ `/reg name. edad`\n╎㋦ `/unreg`\n╘══════🪪🌌══════╛\n\n╒════════════════╕ \n╎    *𝙼𝙴𝙽𝚄 𝙳𝙴 𝙻𝙾𝚂 𝙶𝚁𝚄𝙿𝙾𝚂*\n╞══════🌻🍂══════╕\n╎㋦ `/on`\n╎㋦ `/of`\n╎㋦ `/delete`\n╎㋦ `/tagall`\n╎㋦ `/welcome`\n╎㋦ `/antilink`\n╎㋦ `/report @`\n╎㋦ `/invitar a @`\n╘══════🌻🍂══════╛\n\n╒════════════════╕ \n╎          *𝙼𝙴𝙽𝚄 𝙳𝙴 𝙰𝙵𝙺*\n╞══════💤♨️══════╕\n╎㋦ `/afk<txt>`\n╘══════💤♨️══════╛\n\n╒════════════════╕ \n╎  *𝙼𝙴𝙽𝚄 𝙳𝙴𝙻 𝙲𝙰𝙻𝙴𝙽𝙳𝙰𝚁𝙸𝙾*\n╞══════📅🖇️══════╕\n╎㋦ `/dia`\n╎㋦ `/mes`\n╎㋦ `/año`\n╎㋦ `/hora`\n╎㋦ `/zodiac`\n╘══════📅🖇️══════╛\n\n╒════════════════╕ \n╎   *𝙼𝙴𝙽𝚄 𝙰𝙽𝙸𝙼𝙴 𝙶𝙾𝙺𝚄*\n╞══════🌸🐉══════╕\n╎㋦ `/pelea`\n╎㋦ `/personajes`\n╎㋦ `/mis personajes`\n╎㋦ `/girar la ruleta`\n╘══════🌸🐉══════╛\n\n╒════════════════╕ \n╎   *𝙼𝙴𝙽𝚄 𝙷𝙴𝚁𝚁𝙰𝙼𝙸𝙴𝙽𝚃𝙰𝚂*\n╞══════⚙️🛠️══════╕\n╎㋦ `/emogibig`\n╎㋦ `/pakletras`\n╎㋦ `/repetir<txt>`\n╎㋦ `/procesarTermux`\n╎㋦ `/comandos t`\n╘══════⚙️🛠️══════╛\n\n╒════════════════╕ \n╎    *𝙼𝙴𝙽𝚄 𝙳𝙴 𝙴𝚂𝚃𝙸𝙺𝙴𝚁𝙴𝚂*\n╞══════🤡👻══════╕\n╎㋦ `/stiker`\n╘══════🤡👻══════╛\n\n╒════════════════╕ \n╎       *𝙼𝙴𝙽𝚄 𝙰𝚅𝙰𝙽𝚉𝙰𝙳𝙾*\n╞══════🖥️💡══════╕\n╎㋦ `/letra`\n╘══════🖥️💡══════╛\n\n╒════════════════╕ \n╎   *𝙼𝙴𝙽𝚄 𝙳𝙴 𝙱𝚄𝚂𝙲𝙰𝙳𝙾𝚁𝙴𝚂*\n╞══════📡🔍══════╕\n╎㋦ `/google.<txt>`\n╎㋦ `/chorme.<txt>`\n╘══════📡🔍══════╛\n\n╒════════════════╕\n╎       *𝙼𝙴𝙽𝚄 𝙽𝙵𝚂𝚆 +18*\n╞══════📵🔞══════╕\n╎㋦ `/violar a<txt>`\n╎㋦ `/cojer a<txt>`\n╎㋦ `/grupox`\n╘══════📵🔞══════╛\n\n╒════════════════╕\n╎             *𝙼𝙴𝙽𝚄 𝙸𝙰*\n╞══════🧿🔮══════╕\n╎㋦ `/ia`\n╎㋦ `/imagen`\n╘══════🧿🔮══════╛\n\n╒════════════════╕\n╎     *𝙼𝙴𝙽𝚄 𝙲𝙾𝙽𝚅𝙴𝚁𝚃𝙸𝙳𝙾𝚁*\n╞══════💠🔍══════╕\n╎㋦ `/whatmusic`\n╘══════💠🔍══════╛\n\n \n> 🚩 ᴅᴇᴠ : `CLINTON` 💕","all","1","1","b","","","","","0","","","","","","","","seconds","1","0","","",,,,"1",,,,,,
"/creador","none","*🀃 ᴳᴼᴷᵁ (𐫱) 𝙱 𝙻 𝙰 𝙲 𝙺 🀃 🜲* 🔥\n\n╔═══╣𝐂𝐑𝐄𝐀𝐃𝐎𝐑 👑╠═══۞\n║ \n║ 🜲 *𝙳𝚄𝙴𝙽̃𝙾:*👑 `ᶻˣᴄʟɪɴᴛᴏɴ`\n║ 🜲 *#:* 🖥️ +51913444198\n║ 🜲 *𝙱𝙾𝚃:*🤖 `ᴳᴼᴷᵁ  𝙱𝙻𝙰𝙲𝙺`\n║  \n╚═══════👾════════۞","single","","","b","","","","","0","","","","","","","","seconds","1","0","","",,,,"1",,,,,,
"/grupos","none","*🀃 ᴳᴼᴷᵁ (𐫱) 𝙱 𝙻 𝙰 𝙲 𝙺 🀃 🜲* 🔥\n\n╔═══╣𝐆𝐑𝐔𝐏𝐎 𝐎𝐅𝐂╠═══۞\n║ \n║ 🜲 *𝙶𝚁𝚄𝙿𝙾:GokuBlackBot*\n║ 🜲 *𝙼𝙾𝙳𝙾: Público*\n║ 🜲 *𝙻𝙸𝙽𝙺:* 👇\n╚═══════✅════════۞\nhttps://chat.whatsapp.com/HcqrWIOuH7sEMlJ G3BNyb2\n\n*𝐔𝐧𝐞𝐭𝐞 𝐲 𝐝𝐢𝐬𝐟𝐫𝐮𝐭𝐚 !!* 🥳🤩","single","","","b","","","","","0","","","","","","","","seconds","1","0","","",,,,"1",,,,,,
"/canal","none","*🀃 ᴳᴼᴷᵁ (𐫱) 𝙱 𝙻 𝙰 𝙲 𝙺 🀃 🜲* 🔥\n\n╔═══╣𝐂𝐀𝐍𝐀𝐋 𝐎𝐅𝐂╠═══۞\n║ \n║ 🜲 *𝙲𝙰𝙽𝙰𝙻 𝙾𝙵𝙲:*\n║  `ᴳᴼᴷᵁ  𝙱𝙻𝙰𝙲𝙺`\n║ 🜲 *𝙻𝙸𝙽𝙺:* 👇\n╚═══════✅════════۞\n> https://whatsapp.com/channel/0029VaizxJeLSmbROnnNcX0R\n\n*𝐍𝐨 𝐭𝐞 𝐩𝐢𝐞𝐫𝐝𝐚𝐬 𝐝𝐞 𝐧𝐢𝐧𝐠𝐮𝐧𝐚*\n*𝐧𝐨𝐯𝐞𝐝𝐚𝐝 𝐝𝐞 𝐞𝐬𝐭𝐞 𝐛𝐨𝐭 !!* 🎊","single","","","b","","","","","0","","","","","","","","seconds","1","0","","",,,,"1",,,,,,
"/palabra","none","*🀃 ᴳᴼᴷᵁ (𐫱) 𝙱 𝙻 𝙰 𝙲 𝙺 🀃 🜲* 🔥\n\n𝑯𝒆𝒚 _!!%name%!!_ \n𝒐𝒓𝒅𝒆𝒏𝒂 𝒍𝒂 𝒑𝒂𝒍𝒂𝒃𝒓𝒂 _!!_ 🤯👇\n\n*✲ `%rndm_custom_1_𝗔 𝗥 𝗚 𝗜 𝗧 𝗥,𝗘 𝗥 𝗖 𝗥 𝗢 𝗥,𝗔 𝗥 𝗧 𝗚 𝗜 𝗨 𝗥 𝗔,𝗢 𝗖 𝗥 𝗗 𝗔 𝗠 𝗔,𝗢 𝗟 𝗘 𝗧 𝗣 𝗔,𝗘 𝗡 𝗜 𝗟 𝗔,𝗨 𝗘 𝗚 𝗢 𝗙,𝗥 𝗣 𝗠 𝗢 𝗥 𝗘,𝗟 𝗦 𝗚 𝗔 𝗡 𝗢 𝗔 𝗜,𝗧 𝗔 𝗥 𝗟 𝗣 𝗘 𝗔 𝗡%` ✲*\n\n𝘜𝘴𝘦 𝘦𝘭 𝘤𝘰𝘮𝘢𝘯𝘥𝘰 `/` 👈\n𝘌𝘫𝘦𝘮𝘱𝘭𝘰 : */𝘦𝘫𝘦𝘮𝘱𝘭𝘰* ✅\n\n*𝑻𝒊𝒆𝒏𝒆𝒔 30 𝒔𝒆𝒈𝒖𝒏𝒅𝒐𝒔 ...* ⏳<#>*🀃 ᴳᴼᴷᵁ (𐫱) 𝙱 𝙻 𝙰 𝙲 𝙺 🀃 🜲* 🔥\n\n*𝑯𝒆𝒚 %name%!! 𝒔𝒆* \n*𝒂𝒈𝒐𝒕𝒐́ 𝒆𝒍 𝒕𝒊𝒆𝒎𝒑𝒐 𝒑𝒂𝒓𝒂* ⏳\n*𝒆𝒔𝒕𝒆 𝒋𝒖𝒆𝒈𝒐 _%message%_* ❌","all","30","30","b","","","","","0","","","","","","","","seconds","30","0","","",,,,"1",,,,,,
"/palabra","normal","*🀃 ᴳᴼᴷᵁ (𐫱) 𝙱 𝙻 𝙰 𝙲 𝙺 🀃 🜲* 🔥\n\n𝑯𝒆𝒚 ✨ `%name%` \n𝒓𝒆𝒄𝒖𝒆𝒓𝒅𝒂 𝒒𝒖𝒆 𝒂𝒖𝒏 𝒉𝒂𝒚 𝒖𝒏 🚫\n𝒋𝒖𝒆𝒈𝒐 𝒑𝒆𝒏𝒅𝒊𝒆𝒏𝒕𝒆 𝒆𝒏 𝒆𝒍 𝒄𝒉𝒂𝒕 🤓","single","","","b","","","2","2","0","","","","","","","","seconds","1","0","","",,,,"1",,,,,,
"/trivia","none","*🀃 ᴳᴼᴷᵁ (𐫱) 𝙱 𝙻 𝙰 𝙲 𝙺 🀃 🜲* 🔥\n\n𝑯𝒆𝒚 ✨ *!%name%!* \n𝒓𝒆𝒔𝒑𝒐𝒏𝒅𝒆 𝒍𝒂 𝒑𝒓𝒆𝒈𝒖𝒏𝒕𝒂 🧐🍷\n\n%rndm_custom_1_*¿Cuál es la capital de Francia?*\n> Paris\n> Milan\n> Na,\n*¿Quién escribió ""Don Quijote""?*\n> Cervantes.\n> Whiliam\n> Na,\n*¿Cuál es el planeta más grande?*\n> Jupiter\n> Neptuno\n> Na\n*¿Qué es el agua?*\n> h2o\n> co2\n> na,\n*¿Quién fue el primer presidente de EE UU?*\n> Tomas\n> Washington\n> Na,\n*¿Cuál es el río más largo?*\n> Nilo\n> Amazonas\n> Na,\n*¿Qué es la fotosíntesis?*\n> Un proceso\n> Producir energia\n> Na,\n*¿Quién escribió ""La Odisea""?*\n> Whiliam\n> Homero\n> Na,\n*¿Cuál es el elemento más abundante?*\n> Nitrogeno\n> Oxigeno\n> Na,\n*¿Qué es el clima?*\n> Condicion atmosferica\n> Un proceso\n> na%\n\n*𝑻𝒊𝒆𝒏𝒆𝒔 30 𝒔𝒆𝒈𝒖𝒏𝒅𝒐𝒔 ...* ⏳<#>*🀃 ᴳᴼᴷᵁ (𐫱) 𝙱 𝙻 𝙰 𝙲 𝙺 🀃 🜲* 🔥\n\n*𝑯𝒆𝒚 %name%!! 𝒔𝒆* \n*𝒂𝒈𝒐𝒕𝒐́ 𝒆𝒍 𝒕𝒊𝒆𝒎𝒑𝒐 𝒑𝒂𝒓𝒂* ⏳\n*𝒆𝒔𝒕𝒆 𝒋𝒖𝒆𝒈𝒐 _%message%_* ❌","all","30","30","b","","","","","0","","","","","","","","seconds","30","0","","",,,,"1",,,,,,
"/trivia","none","*🀃 ᴳᴼᴷᵁ (𐫱) 𝙱 𝙻 𝙰 𝙲 𝙺 🀃 🜲* 🔥\n\n𝑯𝒆𝒚 ✨ `%name%` \n𝒓𝒆𝒄𝒖𝒆𝒓𝒅𝒂 𝒒𝒖𝒆 𝒂𝒖𝒏 𝒉𝒂𝒚 𝒖𝒏 🚫\n𝒋𝒖𝒆𝒈𝒐 𝒑𝒆𝒏𝒅𝒊𝒆𝒏𝒕𝒆 𝒆𝒏 𝒆𝒍 𝒄𝒉𝒂𝒕 🤓","single","","","b","","","2","2","0","","","","","","","","seconds","1","0","","",,,,"1",,,,,,
"/mate","none","*🀃 ᴳᴼᴷᵁ (𐫱) 𝙱 𝙻 𝙰 𝙲 𝙺 🀃 🜲* 🔥\n\n𝑯𝒐𝒍𝒂 _!%name%!_ ‼️\n𝒆𝒍𝒊𝒈𝒆 𝒖𝒏 𝒏𝒊𝒗𝒆𝒍 𝒅𝒆 𝒎𝒂𝒕𝒆 👇😺\n\n ╭ ▭☆▭╭ 𝐍𝐈𝐕𝐄𝐋 ╮▭☆▭\n▯ `/mate noob`\n▮ `/mate eays`\n▯ `/mate medium`\n▮ `/mate pro`\n▯ `/mate imposible`\n ╰ ▭☆▭╭ 𝐍𝐈𝐕𝐄𝐋 ╮▭☆▭\n\n‼️ 𝘜𝘴𝘦 𝘦𝘭 𝘤𝘰𝘮𝘢𝘯𝘥𝘰 `/` 👈\n𝘌𝘫𝘦𝘮𝘱𝘭𝘰 : */𝘮𝘢𝘵𝘦 𝘯𝘰𝘰𝘣* ✅","single","","","b","","","","","0","","","","","","","","seconds","1","0","","",,,,"1",,,,,,
"/mate noob","none","*🀃 ᴳᴼᴷᵁ (𐫱) 𝙱 𝙻 𝙰 𝙲 𝙺 🀃 🜲* 🔥\n\n*𝑯𝒆𝒚* _!name!_  \n*𝒓𝒆𝒔𝒖𝒆𝒍𝒗𝒆 𝒆𝒍 𝒆𝒋𝒆𝒓𝒄𝒊𝒄𝒊𝒐* 😧👇\n\n*✦╍╍╍╍╍╍╍╍📋╍╍╍╍╍╍╍╍✦*\n🙀 *`%rndm_custom_1_10 + 3,5 + 8,20 - 7,15 - 2,6 + 7,12 + 1,25 - 12,9 + 4,18 - 5,13 x 1%`* 👀\n*✦╍╍╍╍╍╍╍╍📋╍╍╍╍╍╍╍╍✦*\n\n*𝑻𝒊𝒆𝒏𝒆𝒔 30 𝒔𝒆𝒈𝒖𝒏𝒅𝒐𝒔 ...* ⏳<#>*🀃 ᴳᴼᴷᵁ (𐫱) 𝙱 𝙻 𝙰 𝙲 𝙺 🀃 🜲* 🔥\n\n*𝑯𝒆𝒚 %name%!! 𝒔𝒆* \n*𝒂𝒈𝒐𝒕𝒐́ 𝒆𝒍 𝒕𝒊𝒆𝒎𝒑𝒐 𝒑𝒂𝒓𝒂* ⏳\n*𝒆𝒔𝒕𝒆 𝒋𝒖𝒆𝒈𝒐 _%message%_* ❌","all","30","30","b","","","","","0","","","","","","","","seconds","30","0","","",,,,"1",,,,,,
"/mate eays","none","*🀃 ᴳᴼᴷᵁ (𐫱) 𝙱 𝙻 𝙰 𝙲 𝙺 🀃 🜲* 🔥\n\n*𝑯𝒆𝒚* _!name!_  \n*𝒓𝒆𝒔𝒖𝒆𝒍𝒗𝒆 𝒆𝒍 𝒆𝒋𝒆𝒓𝒄𝒊𝒄𝒊𝒐* 😧👇\n\n*✦╍╍╍╍╍╍╍╍📋╍╍╍╍╍╍╍╍✦*\n🙀 *`%rndm_custom_1_60 + 7,50 + 17,30 + 37,20 + 47,10 + 57,70 - 3,100 - 33,40 + 27,90 - 23,35 + 32%`* 👀\n*✦╍╍╍╍╍╍╍╍📋╍╍╍╍╍╍╍╍✦*\n\n*𝑻𝒊𝒆𝒏𝒆𝒔 30 𝒔𝒆𝒈𝒖𝒏𝒅𝒐𝒔 ...* ⏳<#>*🀃 ᴳᴼᴷᵁ (𐫱) 𝙱 𝙻 𝙰 𝙲 𝙺 🀃 🜲* 🔥\n\n*𝑯𝒆𝒚 %name%!! 𝒔𝒆* \n*𝒂𝒈𝒐𝒕𝒐́ 𝒆𝒍 𝒕𝒊𝒆𝒎𝒑𝒐 𝒑𝒂𝒓𝒂* ⏳\n*𝒆𝒔𝒕𝒆 𝒋𝒖𝒆𝒈𝒐 _%message%_* ❌","all","30","30","b","","","","","0","","","","","","","","seconds","30","0","","",,,,"1",,,,,,
"/mate medium","none","*🀃 ᴳᴼᴷᵁ (𐫱) 𝙱 𝙻 𝙰 𝙲 𝙺 🀃 🜲* 🔥\n\n*𝑯𝒆𝒚* _!name!_  \n*𝒓𝒆𝒔𝒖𝒆𝒍𝒗𝒆 𝒆𝒍 𝒆𝒋𝒆𝒓𝒄𝒊𝒄𝒊𝒐* 😧👇\n\n*✦╍╍╍╍╍╍╍╍📋╍╍╍╍╍╍╍╍✦*\n🙀 *`%rndm_custom_1_856 x 1,428 x 2,171 x 5,1001 - 145,800 + 56,600 + 256,900 - 44,750 + 106,400 + 456,950 - 94%`* 👀\n*✦╍╍╍╍╍╍╍╍📋╍╍╍╍╍╍╍╍✦*\n\n*𝑻𝒊𝒆𝒏𝒆𝒔 30 𝒔𝒆𝒈𝒖𝒏𝒅𝒐𝒔 ...* ⏳<#>*🀃 ᴳᴼᴷᵁ (𐫱) 𝙱 𝙻 𝙰 𝙲 𝙺 🀃 🜲* 🔥\n\n*𝑯𝒆𝒚 %name%!! 𝒔𝒆* \n*𝒂𝒈𝒐𝒕𝒐́ 𝒆𝒍 𝒕𝒊𝒆𝒎𝒑𝒐 𝒑𝒂𝒓𝒂* ⏳\n*𝒆𝒔𝒕𝒆 𝒋𝒖𝒆𝒈𝒐 _%message%_* ❌","all","30","30","b","","","","","0","","","","","","","","seconds","30","0","","",,,,"1",,,,,,
"/mate pro","none","*🀃 ᴳᴼᴷᵁ (𐫱) 𝙱 𝙻 𝙰 𝙲 𝙺 🀃 🜲* 🔥\n\n*𝑯𝒆𝒚* _!name!_  \n*𝒓𝒆𝒔𝒖𝒆𝒍𝒗𝒆 𝒆𝒍 𝒆𝒋𝒆𝒓𝒄𝒊𝒄𝒊𝒐* 😧👇\n\n*✦╍╍╍╍╍╍╍╍📋╍╍╍╍╍╍╍╍✦*\n🙀 *`%rndm_custom_1_2470 ÷ 2,2469 ÷ 2 + 1,3705 ÷ 3,2468 ÷ 2 + 2,12350 ÷ 10,24675 ÷ 20,1234 x 1 + 1,2466 ÷ 2 + 3,12300 ÷ 10 + 35,24696 ÷ 20 - 1,%`* 👀\n*✦╍╍╍╍╍╍╍╍📋╍╍╍╍╍╍╍╍✦*\n\n*𝑻𝒊𝒆𝒏𝒆𝒔 30 𝒔𝒆𝒈𝒖𝒏𝒅𝒐𝒔 ...* ⏳<#>*𝑯𝒆𝒚 %name%!! 𝒔𝒆* \n*𝒂𝒈𝒐𝒕𝒐́ 𝒆𝒍 𝒕𝒊𝒆𝒎𝒑𝒐 𝒑𝒂𝒓𝒂* ⏳\n*𝒆𝒔𝒕𝒆 𝒋𝒖𝒆𝒈𝒐 _%message%_* ❌","all","30","30","b","","","","","0","","","","","","","","seconds","30","0","","",,,,"1",,,,,,
"/mate imposible","none","*🀃 ᴳᴼᴷᵁ (𐫱) 𝙱 𝙻 𝙰 𝙲 𝙺 🀃 🜲* 🔥\n\n*𝑯𝒆𝒚* _!name!_  \n*𝒓𝒆𝒔𝒖𝒆𝒍𝒗𝒆 𝒆𝒍 𝒆𝒋𝒆𝒓𝒄𝒊𝒄𝒊𝒐* 😧👇\n\n*✦╍╍╍╍╍╍╍╍📋╍╍╍╍╍╍╍╍✦*\n🙀 *`%rndm_custom_1_4! = 4 × 3 × 2 × 1,6! / 2! / 3!,3! × 2! × 2 = 6 × 2 × 2,2! × 3! × 2 = 2 × 6 × 2,5! / (3! × 2!),4! × 3! / 6!,2! × 2! × 3! = 2 × 2 × 6,6! / (4! × 2!),3! × 4! / 6!,24! / (23! × 24),%`* 👀\n*✦╍╍╍╍╍╍╍╍📋╍╍╍╍╍╍╍╍✦*\n\n𝘜𝘴𝘦 𝘦𝘭 𝘤𝘰𝘮𝘢𝘯𝘥𝘰 `/` 👈\n𝘌𝘫𝘦𝘮𝘱𝘭𝘰 : */𝘦𝘫𝘦𝘮𝘱𝘭𝘰* ✅\n\n*𝑻𝒊𝒆𝒏𝒆𝒔 30 𝒔𝒆𝒈𝒖𝒏𝒅𝒐𝒔 ...* ⏳<#>*𝑯𝒆𝒚 %name%!! 𝒔𝒆* \n*𝒂𝒈𝒐𝒕𝒐́ 𝒆𝒍 𝒕𝒊𝒆𝒎𝒑𝒐 𝒑𝒂𝒓𝒂* ⏳\n*𝒆𝒔𝒕𝒆 𝒋𝒖𝒆𝒈𝒐 _%message%_* ❌","all","30","30","b","","","","","0","","","","","","","","seconds","30","0","","",,,,"1",,,,,,
"/mate noob// /mate eays// /mate medium// /mate pro// /mate imposible","normal","*🀃 ᴳᴼᴷᵁ (𐫱) 𝙱 𝙻 𝙰 𝙲 𝙺 🀃 🜲* 🔥\n\n𝑯𝒆𝒚 ✨ `%name%` \n𝒓𝒆𝒄𝒖𝒆𝒓𝒅𝒂 𝒒𝒖𝒆 𝒂𝒖𝒏 𝒉𝒂𝒚 𝒖𝒏 🚫\n𝒋𝒖𝒆𝒈𝒐 𝒑𝒆𝒏𝒅𝒊𝒆𝒏𝒕𝒆 𝒆𝒏 𝒆𝒍 𝒄𝒉𝒂𝒕 🤓","single","","","b","","","2","2","0","","","","","","","","seconds","1","0","","",,,,"1",,,,,,
"/sopa","none","*🀃 ᴳᴼᴷᵁ (𐫱) 𝙱 𝙻 𝙰 𝙲 𝙺 🀃 🜲* 🔥\n \n𝑯𝒐𝒍𝒂 _%name%!!_ 🎊\n𝒃𝒊𝒆𝒏𝒗𝒆𝒏𝒊𝒅𝒐 𝒂𝒍 𝒋𝒖𝒆𝒈𝒐 : 🤩\n\n> 🥳 𝑺𝑶𝑷𝑨 𝑫𝑬 𝑳𝑬𝑻𝑹𝑨𝑺  📄 \n\n*𝑻𝒆𝒎𝒂: 𝑳𝒐𝒔 𝒋𝒖𝒆𝒈𝒐𝒔* 🎳\n\n┏━━━━━━━━━━l ꙰|𐃜|\n┃ 🄾🅀🄺🄰🄿🄹🅀\n┃ 🅃🄰🄳🄵🅄🄾🅀\n┃ 🄽🄹🄰🄶🄺🄰🄺\n┃ 🅄🅁🄰🅃🄻🄰🅂\n┃ 🄿🄺🅁🄰🄽🄰🄶\n┗━━━━━━━━━━l ꙰|𐃜|\n\n\n𝐏𝐢𝐬𝐭𝐚  🤫 🔐 *!!*\n\n*𝐻𝑎𝑦 3 𝑝𝑎𝑙𝑎𝑏𝑟𝑎𝑠 𝑜𝑐𝑢𝑙𝑡𝑎𝑠* \n*𝑒𝑛 𝑙𝑎 𝑠𝑜𝑝𝑎 𝑑𝑒 𝑙𝑒𝑡𝑟𝑎𝑠 _!!_*\n\n*𝑻𝒊𝒆𝒏𝒆𝒔 30 𝒔𝒆𝒈𝒖𝒏𝒅𝒐𝒔 ...* ⏳<#>*🀃 ᴳᴼᴷᵁ (𐫱) 𝙱 𝙻 𝙰 𝙲 𝙺 🀃 🜲* 🔥\n \n𝑯𝒐𝒍𝒂 _%name%!!_ 🎊\n𝒃𝒊𝒆𝒏𝒗𝒆𝒏𝒊𝒅𝒐 𝒂𝒍 𝒋𝒖𝒆𝒈𝒐 : 🤩\n\n> 🥳 𝑺𝑶𝑷𝑨 𝑫𝑬 𝑳𝑬𝑻𝑹𝑨𝑺  📄 \n\n*𝑻𝒆𝒎𝒂: 𝑬𝒍 𝒇𝒖𝒕𝒃𝒐𝒍* ⚽\n\n┏━━━━━━━━━━l ꙰|𐃜|\n┃ 🄾🅀🄸🄰🄶🅄🄺\n┃ 🅃🄰🄳🅂🅄🄾🅀\n┃ 🄽🄹🄰🄶🅂🄰🄺\n┃ 🄹🅄🄶🄰🅁🄴🄺\n┃ 🅁🄰🄴🅃🄰🄿🄼\n┗━━━━━━━━━━l ꙰|𐃜|\n\n\n𝐏𝐢𝐬𝐭𝐚  🤫 🔐 *!!*\n\n*𝐻𝑎𝑦 3 𝑝𝑎𝑙𝑎𝑏𝑟𝑎𝑠 𝑜𝑐𝑢𝑙𝑡𝑎𝑠* \n*𝑒𝑛 𝑙𝑎 𝑠𝑜𝑝𝑎 𝑑𝑒 𝑙𝑒𝑡𝑟𝑎𝑠 _!!_*\n\n*𝑻𝒊𝒆𝒏𝒆𝒔 30 𝒔𝒆𝒈𝒖𝒏𝒅𝒐𝒔 ...* ⏳<#>*🀃 ᴳᴼᴷᵁ (𐫱) 𝙱 𝙻 𝙰 𝙲 𝙺 🀃 🜲* 🔥\n \n𝑯𝒐𝒍𝒂 _%name%!!_ 🎊\n𝒃𝒊𝒆𝒏𝒗𝒆𝒏𝒊𝒅𝒐 𝒂𝒍 𝒋𝒖𝒆𝒈𝒐 : 🤩\n\n> 🥳 𝑺𝑶𝑷𝑨 𝑫𝑬 𝑳𝑬𝑻𝑹𝑨𝑺  📄 \n\n*𝑻𝒆𝒎𝒂: 𝑳𝒐𝒔 𝒗𝒊𝒅𝒆𝒐𝒋𝒖𝒆𝒈𝒐𝒔* 🎮\n\n┏━━━━━━━━━━l ꙰|𐃜|\n┃ 🅇🄹🄺🄰🄿🄹🄻\n┃ 🅃🅄🄳🄵🅄🄾🅀\n┃ 🄺🄶🄰🄼🄴🅁🄺\n┃ 🄰🄰🄰🅃🄻🄰🅂\n┃ 🅇🅁🄾🄺🄾🅁🄿\n┗━━━━━━━━━━l ꙰|𐃜|\n\n\n𝐏𝐢𝐬𝐭𝐚  🤫 🔐 *!!*\n\n*𝐻𝑎𝑦 3 𝑝𝑎𝑙𝑎𝑏𝑟𝑎𝑠 𝑜𝑐𝑢𝑙𝑡𝑎𝑠* \n*𝑒𝑛 𝑙𝑎 𝑠𝑜𝑝𝑎 𝑑𝑒 𝑙𝑒𝑡𝑟𝑎𝑠 _!!_*\n\n*𝑻𝒊𝒆𝒏𝒆𝒔 30 𝒔𝒆𝒈𝒖𝒏𝒅𝒐𝒔 ...* ⏳<#>*🀃 ᴳᴼᴷᵁ (𐫱) 𝙱 𝙻 𝙰 𝙲 𝙺 🀃 🜲* 🔥\n \n𝑯𝒐𝒍𝒂 _%name%!!_ 🎊\n𝒃𝒊𝒆𝒏𝒗𝒆𝒏𝒊𝒅𝒐 𝒂𝒍 𝒋𝒖𝒆𝒈𝒐 : 🤩\n\n> 🥳 𝑺𝑶𝑷𝑨 𝑫𝑬 𝑳𝑬𝑻𝑹𝑨𝑺  📄 \n\n*𝑻𝒆𝒎𝒂: 𝑳𝒂 𝒎𝒖𝒔𝒊𝒄𝒂* 🎷\n\n┏━━━━━━━━━━l ꙰|𐃜|\n┃ 🄽🄰🄲🄸🅂🅄🄼\n┃ 🄾🄰🄳🄵🅄🄾🅀\n┃ 🄸🄹🅇🄶🄶🄾🄿\n┃ 🅄🅁🄰🅃🄻🄰🅂\n┃ 🄶🄾🄵🄾🅇🄰🅂\n┗━━━━━━━━━━l ꙰|𐃜|\n\n\n𝐏𝐢𝐬𝐭𝐚  🤫 🔐 *!!*\n\n*𝐻𝑎𝑦 3 𝑝𝑎𝑙𝑎𝑏𝑟𝑎𝑠 𝑜𝑐𝑢𝑙𝑡𝑎𝑠* \n*𝑒𝑛 𝑙𝑎 𝑠𝑜𝑝𝑎 𝑑𝑒 𝑙𝑒𝑡𝑟𝑎𝑠 _!!_*\n\n*𝑻𝒊𝒆𝒏𝒆𝒔 30 𝒔𝒆𝒈𝒖𝒏𝒅𝒐𝒔 ...* ⏳<#>%rndm_custom_1_*🀃 ᴳᴼᴷᵁ (𐫱) 𝙱 𝙻 𝙰 𝙲 𝙺 🀃 🜲* 🔥\n \n𝑯𝒐𝒍𝒂 _%name%!!_ 🎊\n𝒃𝒊𝒆𝒏𝒗𝒆𝒏𝒊𝒅𝒐 𝒂𝒍 𝒋𝒖𝒆𝒈𝒐 : 🤩\n\n> 🥳 𝑺𝑶𝑷𝑨 𝑫𝑬 𝑳𝑬𝑻𝑹𝑨𝑺  📄 \n\n*𝑻𝒆𝒎𝒂: 𝑳𝒂𝒔 𝒑𝒍𝒂𝒏𝒕𝒂𝒔* 🌱\n\n┏━━━━━━━━━━l ꙰|𐃜|\n┃ 🅁🅀🄰🄰🄿🄹🄿\n┃ 🄰🄰🄳🅃🅄🄺🅀\n┃ 🄸🄹🄰🄶🄽🄰🄻\n┃ 🅉🅁🄱🅃🄻🄻🄻\n┃ 🅃🄰🄻🄻🄾🄺🄿\n┗━━━━━━━━━━l ꙰|𐃜|\n\n\n𝐏𝐢𝐬𝐭𝐚  🤫 🔐 *!!*\n\n*𝐻𝑎𝑦 3 𝑝𝑎𝑙𝑎𝑏𝑟𝑎𝑠 𝑜𝑐𝑢𝑙𝑡𝑎𝑠* \n*𝑒𝑛 𝑙𝑎 𝑠𝑜𝑝𝑎 𝑑𝑒 𝑙𝑒𝑡𝑟𝑎𝑠 _!!_*\n\n*𝑻𝒊𝒆𝒏𝒆𝒔 30 𝒔𝒆𝒈𝒖𝒏𝒅𝒐𝒔 ...* ⏳","random","30","30","b","","","","","0","","","","","","","","seconds","30","0","","",,,,"1",,,,,,
"/sopa","none","*𝑯𝒆𝒚 %name%!! 𝒔𝒆* \n*𝒂𝒈𝒐𝒕𝒐́ 𝒆𝒍 𝒕𝒊𝒆𝒎𝒑𝒐 𝒑𝒂𝒓𝒂* ⏳\n*𝒆𝒔𝒕𝒆 𝒋𝒖𝒆𝒈𝒐 _%message%_* ❌","all","","","b","","","30","30","0","","","","","","","","seconds","1","0","","",,,,"1",,,,,,
"/dado","none","*🀃 ᴳᴼᴷᵁ (𐫱) 𝙱 𝙻 𝙰 𝙲 𝙺 🀃 🜲* 🔥\n\n _%name%!!_ 𝒍𝒂𝒏𝒛𝒐́ \n𝒆𝒍 𝒅𝒂𝒅𝒐 𝒚 𝒔𝒂𝒄𝒐 𝒆𝒍 𝒏° 🙀‼️\n🌬️┏━━━━━┓\n🎲┃ *⚞ %rndm_custom_1_⓵,⓶,⓷,⓸,⓹,⓺% ⚟*\n🌬️┗━━━━━┛\n𝑼𝒏 𝒃𝒖𝒆𝒏 𝒍𝒂𝒏𝒛𝒂𝒎𝒊𝒆𝒏𝒕𝒐 😎✨\n\n𝐑𝐄𝐂𝐎𝐌𝐏𝐄𝐍𝐒𝐀 : ‼️\n> +%rndm_custom_2_1,2,3,4,5,0% 𝐞𝐱𝐩 💸","single","","","b","","","","","0","","","","","","","","seconds","1","0","","",,,,"1",,,,,,
"/ppt","none","*🀃 ᴳᴼᴷᵁ (𐫱) 𝙱 𝙻 𝙰 𝙲 𝙺 🀃 🜲* 🔥\n\n𝑯𝒐𝒍𝒂 🌟 _!%name%!_ \n𝒆𝒍𝒊𝒈𝒆 𝒖𝒏𝒂 𝒑𝒐𝒔𝒊𝒄𝒊𝒐́𝒏: 👇\n\n𝑷𝒐𝒔𝒊𝒄𝒊𝒐𝒏𝒆𝒔 : 😺‼️\n\n ╭ ▭✦▭╭ ✲ ╮▭✦▭\n> `/piedra`\n> `/papel`\n> `/tijera`\n> `/ppt random`\n ╰ ▭✦▭╭ ✲ ╮▭✦▭\n\n𝘜𝘴𝘦 𝘦𝘭 𝘤𝘰𝘮𝘢𝘯𝘥𝘰 `/` 👈\n𝘌𝘫𝘦𝘮𝘱𝘭𝘰 : */𝘦𝘫𝘦𝘮𝘱𝘭𝘰* ✅","single","","","b","","","","","0","","","","","","","","seconds","1","0","","",,,,"1",,,,,,
"/piedra","none","*🀃 ᴳᴼᴷᵁ (𐫱) 𝙱 𝙻 𝙰 𝙲 𝙺 🀃 🜲* 🔥\n\n𝑯𝒆𝒚 _!%name%!_ \n𝒕𝒖 𝒑𝒐𝒔𝒊𝒄𝒊𝒐́𝒏 𝒆𝒔: 👇\n✬*𝑷𝒊𝒆𝒅𝒓𝒂 🪨* \n\n𝑳𝒂 𝒑𝒐𝒔𝒊𝒄𝒊𝒐́𝒏 𝒅𝒆𝒍 𝒃𝒐𝒕 𝒆𝒔: ‼️\n✬ *%rndm_custom_1_𝑷𝒊𝒆𝒅𝒓𝒂 🪨,𝑷𝒂𝒑𝒆𝒍 📄,𝑻𝒊𝒋𝒆𝒓𝒂 ✂️%*\n\n𝑮𝑼𝑰𝑨 : 📝\n╔══════╡𝐆𝐮𝐢𝐚╞═══════✼\n║✅𝔊𝔞𝔫𝔞𝔰 𝔰𝔦 𝔢𝔩 𝔟𝔬𝔱 𝔰𝔞𝔠𝔞 𝑻𝒊𝒋𝒆𝒓𝒂 ✂️\n║❌𝔓𝔦𝔢𝔯𝔡𝔢𝔰 𝔰𝔦 𝔢𝔩 𝔟𝔬𝔱 𝔰𝔞𝔠𝔞 𝑷𝒂𝒑𝒆𝒍 📄\n║🤝𝔈𝔪𝔭𝔞𝔱𝔢 𝔰𝔦 𝔢𝔩 𝔟𝔬𝔱 𝔰𝔞𝔠𝔞 𝑷𝒊𝒆𝒅𝒓𝒂 🪨\n╚══════╡𝐆𝐮𝐢𝐚╞═══════✼","single","","","b","","","","","0","","","","","","","","seconds","1","0","","",,,,"1",,,,,,
"/papel","none","*🀃 ᴳᴼᴷᵁ (𐫱) 𝙱 𝙻 𝙰 𝙲 𝙺 🀃 🜲* 🔥\n\n𝑯𝒆𝒚 _!%name%!_ \n𝒕𝒖 𝒑𝒐𝒔𝒊𝒄𝒊𝒐́𝒏 𝒆𝒔: 👇\n✬*𝑷𝒂𝒑𝒆𝒍 📄* \n\n𝑳𝒂 𝒑𝒐𝒔𝒊𝒄𝒊𝒐́𝒏 𝒅𝒆𝒍 𝒃𝒐𝒕 𝒆𝒔: ‼️\n✬ *%rndm_custom_1_𝑷𝒊𝒆𝒅𝒓𝒂 🪨,𝑷𝒂𝒑𝒆𝒍 📄,𝑻𝒊𝒋𝒆𝒓𝒂 ✂️%*\n\n𝑮𝑼𝑰𝑨 : 📝\n╔══════╡𝐆𝐮𝐢𝐚╞═══════✼\n║✅𝔊𝔞𝔫𝔞𝔰 𝔰𝔦 𝔢𝔩 𝔟𝔬𝔱 𝔰𝔞𝔠𝔞 𝑷𝒊𝒆𝒅𝒓𝒂 🪨\n║❌𝔓𝔦𝔢𝔯𝔡𝔢𝔰 𝔰𝔦 𝔢𝔩 𝔟𝔬𝔱 𝔰𝔞𝔠𝔞 𝑻𝒊𝒋𝒆𝒓𝒂 ✂️\n║🤝𝔈𝔪𝔭𝔞𝔱𝔢 𝔰𝔦 𝔢𝔩 𝔟𝔬𝔱 𝔰𝔞𝔠𝔞 𝑷𝒂𝒑𝒆𝒍 📄\n╚══════╡𝐆𝐮𝐢𝐚╞═══════✼","single","","","b","","","","","0","","","","","","","","seconds","1","0","","",,,,"1",,,,,,
"/tijera","none","*🀃 ᴳᴼᴷᵁ (𐫱) 𝙱 𝙻 𝙰 𝙲 𝙺 🀃 🜲* 🔥\n\n𝑯𝒆𝒚 _!%name%!_ \n𝒕𝒖 𝒑𝒐𝒔𝒊𝒄𝒊𝒐́𝒏 𝒆𝒔: 👇\n✬*𝑻𝒊𝒋𝒆𝒓𝒂 ✂️* \n\n𝑳𝒂 𝒑𝒐𝒔𝒊𝒄𝒊𝒐́𝒏 𝒅𝒆𝒍 𝒃𝒐𝒕 𝒆𝒔: ‼️\n✬ *%rndm_custom_1_𝑷𝒊𝒆𝒅𝒓𝒂 🪨,𝑷𝒂𝒑𝒆𝒍 📄,𝑻𝒊𝒋𝒆𝒓𝒂 ✂️%*\n\n𝑮𝑼𝑰𝑨 : 📝\n╔══════╡𝐆𝐮𝐢𝐚╞═══════✼\n║✅𝔊𝔞𝔫𝔞𝔰 𝔰𝔦 𝔢𝔩 𝔟𝔬𝔱 𝔰𝔞𝔠𝔞 𝑷𝒂𝒑𝒆𝒍 📄\n║❌𝔓𝔦𝔢𝔯𝔡𝔢𝔰 𝔰𝔦 𝔢𝔩 𝔟𝔬𝔱 𝔰𝔞𝔠𝔞 𝑷𝒊𝒆𝒅𝒓𝒂 🪨\n║🤝𝔈𝔪𝔭𝔞𝔱𝔢 𝔰𝔦 𝔢𝔩 𝔟𝔬𝔱 𝔰𝔞𝔠𝔞 𝑻𝒊𝒋𝒆𝒓𝒂 ✂️\n╚══════╡𝐆𝐮𝐢𝐚╞═══════✼","single","","","b","","","","","0","","","","","","","","seconds","1","0","","",,,,"1",,,,,,
"/ppt random","none","*🀃 ᴳᴼᴷᵁ (𐫱) 𝙱 𝙻 𝙰 𝙲 𝙺 🀃 🜲* 🔥\n\n𝑯𝒆𝒚 _!%name%!_ \n𝒕𝒖 𝒑𝒐𝒔𝒊𝒄𝒊𝒐́𝒏 𝒆𝒔: 👇\n✬*%rndm_custom_1_𝑷𝒊𝒆𝒅𝒓𝒂 🪨,𝑷𝒂𝒑𝒆𝒍 📄,𝑻𝒊𝒋𝒆𝒓𝒂 ✂️%*\n\n𝑳𝒂 𝒑𝒐𝒔𝒊𝒄𝒊𝒐́𝒏 𝒅𝒆𝒍 𝒃𝒐𝒕 𝒆𝒔: ‼️\n✬ *%rndm_custom_1_𝑷𝒊𝒆𝒅𝒓𝒂 🪨,𝑷𝒂𝒑𝒆𝒍 📄,𝑻𝒊𝒋𝒆𝒓𝒂 ✂️%*\n\n𝑮𝑼𝑰𝑨 : 📝\n╔══════╡𝐆𝐮𝐢𝐚╞═══════✼\n║✅𝔊𝔞𝔫𝔞𝔰 𝔰𝔦 𝔱𝔲 𝔭𝔬𝔰𝔦𝔠𝔦𝔬𝔫 𝔢𝔰 𝔪𝔢𝔧𝔬𝔯\n║❌𝔓𝔦𝔢𝔯𝔡𝔢𝔰 𝔰𝔦 𝔱𝔲 𝔭𝔦𝔰𝔦𝔠𝔦𝔬𝔫 𝔢𝔰 𝔟𝔞𝔧𝔞\n║🤝𝔈𝔪𝔭𝔞𝔱𝔢 𝔰𝔦 𝔥𝔞𝔶 𝔭𝔬𝔰𝔦𝔠𝔦𝔬𝔫𝔢𝔰 𝔦𝔤𝔲𝔞𝔩𝔢𝔰\n╚══════╡𝐆𝐮𝐢𝐚╞═══════✼","single","","","b","","","","","0","","","","","","","","seconds","1","0","","",,,,"1",,,,,,
"/ruleta rusa","none","*🀃 ᴳᴼᴷᵁ (𐫱) 𝙱 𝙻 𝙰 𝙲 𝙺 🀃 🜲* 🔥 \n\n*𝑯𝒆𝒚* _!%name%!_  \n*𝒆𝒍𝒊𝒈𝒆 𝒖𝒏 𝒏° 𝒅𝒆𝒍 1 𝒂𝒍 9* ‼️","single","","","b","","","","","0","","","","","","","","seconds","1","0","","",,,,"1",,,,,,
"/emogis","none","*🀃 ᴳᴼᴷᵁ (𐫱) 𝙱 𝙻 𝙰 𝙲 𝙺 🀃 🜲* 🔥\n \n𝑯𝒐𝒍𝒂 _%name%!!_ 🎊\n𝒃𝒊𝒆𝒏𝒗𝒆𝒏𝒊𝒅𝒐 𝒂𝒍 𝒋𝒖𝒆𝒈𝒐 : ‼️\n\n> 𝐄𝐌𝐎𝐆𝐈𝐒 🤑\n\n┏━━━━━━━━━━l ꙰|𐃜|\n┃ 😀😀😀😀😀\n┃ 😀😀😀😀😀\n┃ 😀😀😀😀😀\n┃ 😀😀😀😄😀\n┃ 😀😀😀😀😀\n┗━━━━━━━━━━l ꙰|𐃜|\n\n❁┅┅┅┅| 𝐆𝐔𝐈𝐀 |┅┅┅┅┅❁\n┋𝔈𝔫𝔠𝔲𝔢𝔫𝔱𝔯𝔞 𝔢𝔩 𝔢𝔪𝔬𝔤𝔦 𝔡𝔦𝔣𝔢𝔯𝔢𝔫𝔱𝔢\n❁┅┅┅┅| 𝐆𝐔𝐈𝐀 |┅┅┅┅┅❁\n\n*𝐓𝐢𝐞𝐧𝐞𝐬 30 𝐬𝐞𝐠𝐮𝐧𝐝𝐨𝐬 ...* ⏳<#>*🀃 ᴳᴼᴷᵁ (𐫱) 𝙱 𝙻 𝙰 𝙲 𝙺 🀃 🜲* 🔥\n \n𝑯𝒐𝒍𝒂 _%name%!!_ 🎊\n𝒃𝒊𝒆𝒏𝒗𝒆𝒏𝒊𝒅𝒐 𝒂𝒍 𝒋𝒖𝒆𝒈𝒐 : ‼️\n\n> 𝐄𝐌𝐎𝐆𝐈𝐒 🤑\n\n┏━━━━━━━━━━l ꙰|𐃜|\n┃ 😦😦😦😦😦\n┃ 😦😦😦😦😦\n┃ 😦😦😧😦😦\n┃ 😦😦😦😦😦\n┃ 😦😦😦😦😦\n┗━━━━━━━━━━l ꙰|𐃜|\n\n❁┅┅┅┅| 𝐆𝐔𝐈𝐀 |┅┅┅┅┅❁\n┋𝔈𝔫𝔠𝔲𝔢𝔫𝔱𝔯𝔞 𝔢𝔩 𝔢𝔪𝔬𝔤𝔦 𝔡𝔦𝔣𝔢𝔯𝔢𝔫𝔱𝔢\n❁┅┅┅┅| 𝐆𝐔𝐈𝐀 |┅┅┅┅┅❁\n\n*𝐓𝐢𝐞𝐧𝐞𝐬 30 𝐬𝐞𝐠𝐮𝐧𝐝𝐨𝐬 ...* ⏳<#>*🀃 ᴳᴼᴷᵁ (𐫱) 𝙱 𝙻 𝙰 𝙲 𝙺 🀃 🜲* 🔥\n \n𝑯𝒐𝒍𝒂 _%name%!!_ 🎊\n𝒃𝒊𝒆𝒏𝒗𝒆𝒏𝒊𝒅𝒐 𝒂𝒍 𝒋𝒖𝒆𝒈𝒐 : ‼️\n\n> 𝐄𝐌𝐎𝐆𝐈𝐒 🤑\n\n┏━━━━━━━━━━l ꙰|𐃜|\n┃ 😑😑😑😑😐\n┃ 😑😑😑😑😑\n┃ 😑😑😑😑😑\n┃ 😑😑😑😑😑\n┃ 😑😑😑😑😑\n┗━━━━━━━━━━l ꙰|𐃜|\n\n❁┅┅┅┅| 𝐆𝐔𝐈𝐀 |┅┅┅┅┅❁\n┋𝔈𝔫𝔠𝔲𝔢𝔫𝔱𝔯𝔞 𝔢𝔩 𝔢𝔪𝔬𝔤𝔦 𝔡𝔦𝔣𝔢𝔯𝔢𝔫𝔱𝔢\n❁┅┅┅┅| 𝐆𝐔𝐈𝐀 |┅┅┅┅┅❁\n\n*𝐓𝐢𝐞𝐧𝐞𝐬 30 𝐬𝐞𝐠𝐮𝐧𝐝𝐨𝐬 ...* ⏳<#>*🀃 ᴳᴼᴷᵁ (𐫱) 𝙱 𝙻 𝙰 𝙲 𝙺 🀃 🜲* 🔥\n \n𝑯𝒐𝒍𝒂 _%name%!!_ 🎊\n𝒃𝒊𝒆𝒏𝒗𝒆𝒏𝒊𝒅𝒐 𝒂𝒍 𝒋𝒖𝒆𝒈𝒐 : ‼️\n\n> 𝐄𝐌𝐎𝐆𝐈𝐒 🤑\n\n┏━━━━━━━━━━l ꙰|𐃜|\n┃ 😺😺😺😺😺\n┃ 😺😸😺😺😺\n┃ 😺😺😺😺😺\n┃ 😺😺😺😺😺\n┃ 😺😺😺😺😺\n┗━━━━━━━━━━l ꙰|𐃜|\n\n❁┅┅┅┅| 𝐆𝐔𝐈𝐀 |┅┅┅┅┅❁\n┋𝔈𝔫𝔠𝔲𝔢𝔫𝔱𝔯𝔞 𝔢𝔩 𝔢𝔪𝔬𝔤𝔦 𝔡𝔦𝔣𝔢𝔯𝔢𝔫𝔱𝔢\n❁┅┅┅┅| 𝐆𝐔𝐈𝐀 |┅┅┅┅┅❁\n\n*𝐓𝐢𝐞𝐧𝐞𝐬 30 𝐬𝐞𝐠𝐮𝐧𝐝𝐨𝐬 ...* ⏳<#>*🀃 ᴳᴼᴷᵁ (𐫱) 𝙱 𝙻 𝙰 𝙲 𝙺 🀃 🜲* 🔥\n \n𝑯𝒐𝒍𝒂 _%name%!!_ 🎊\n𝒃𝒊𝒆𝒏𝒗𝒆𝒏𝒊𝒅𝒐 𝒂𝒍 𝒋𝒖𝒆𝒈𝒐 : ‼️\n\n> 𝐄𝐌𝐎𝐆𝐈𝐒 🤑\n\n┏━━━━━━━━━━l ꙰|𐃜|\n┃ 😟😟😟😟😟\n┃ 😟😟😟😟😟\n┃ 😟☹️😟😟😟\n┃ 😟😟😟😟😟\n┃ 😟😟😟😟😟\n┗━━━━━━━━━━l ꙰|𐃜|\n\n❁┅┅┅┅| 𝐆𝐔𝐈𝐀 |┅┅┅┅┅❁\n┋𝔈𝔫𝔠𝔲𝔢𝔫𝔱𝔯𝔞 𝔢𝔩 𝔢𝔪𝔬𝔤𝔦 𝔡𝔦𝔣𝔢𝔯𝔢𝔫𝔱𝔢\n❁┅┅┅┅| 𝐆𝐔𝐈𝐀 |┅┅┅┅┅❁\n\n*𝐓𝐢𝐞𝐧𝐞𝐬 30 𝐬𝐞𝐠𝐮𝐧𝐝𝐨𝐬 ...* ⏳","all","","","b","","","","","0","","","","","","","","seconds","30","0","","",,,,"1",,,,,,
"/emogis","none","*𝑯𝒆𝒚 %name%!! 𝒔𝒆* \n*𝒂𝒈𝒐𝒕𝒐́ 𝒆𝒍 𝒕𝒊𝒆𝒎𝒑𝒐 𝒑𝒂𝒓𝒂* ⏳\n*𝒆𝒔𝒕𝒆 𝒋𝒖𝒆𝒈𝒐 _%message%_* ❌","single","","","b","","","2","2","0","","","","","","","","seconds","1","0","","",,,,"1",,,,,,
"/ahorcado","none","*🀃 ᴳᴼᴷᵁ (𐫱) 𝙱 𝙻 𝙰 𝙲 𝙺 🀃 🜲* 🔥\n\n𝑯𝒐𝒍𝒂👻 _!%name%!_ \n𝒄𝒐𝒎𝒑𝒍𝒆𝒕𝒂 𝒆𝒍 𝒂𝒉𝒐𝒓𝒄𝒂𝒅𝒐: ☠️\n\n*☆[ `%rndm_custom_1_c _ _ _ s,_ _ e _ o,La _ _ _,b _ _ _ o,p _ e _ _ e,_ a _ io,f _ e _  _ a,c _ _ ve,_ a _ s _,m _ _ _ o%` ]☆*\n\n*𝐓𝐢𝐞𝐧𝐞𝐬 30 𝐬𝐞𝐠𝐮𝐧𝐝𝐨𝐬 ...* ⏳<#>*𝑯𝒆𝒚 %name%!! 𝒔𝒆* \n*𝒂𝒈𝒐𝒕𝒐́ 𝒆𝒍 𝒕𝒊𝒆𝒎𝒑𝒐 𝒑𝒂𝒓𝒂* ⏳\n*𝒆𝒔𝒕𝒆 𝒋𝒖𝒆𝒈𝒐 _%message%_* ❌","all","30","30","b","","","","","0","","","","","","","","seconds","30","0","","",,,,"1",,,,,,
"/ahorcado","none","*🀃 ᴳᴼᴷᵁ (𐫱) 𝙱 𝙻 𝙰 𝙲 𝙺 🀃 🜲* 🔥\n\n𝑯𝒆𝒚 ✨ `%name%` \n𝒓𝒆𝒄𝒖𝒆𝒓𝒅𝒂 𝒒𝒖𝒆 𝒂𝒖𝒏 𝒉𝒂𝒚 𝒖𝒏 🚫\n𝒋𝒖𝒆𝒈𝒐 𝒑𝒆𝒏𝒅𝒊𝒆𝒏𝒕𝒆 𝒆𝒏 𝒆𝒍 𝒄𝒉𝒂𝒕 🤓","single","","","b","","","2","2","0","","","","","","","","seconds","1","0","","",,,,"1",,,,,,
"/pelicula","none","*🀃 ᴳᴼᴷᵁ (𐫱) 𝙱 𝙻 𝙰 𝙲 𝙺 🀃 🜲* 🔥\n\n𝑯𝒆𝒚 _!!%name%!!_ \n𝒄𝒐𝒓𝒓𝒆𝒍𝒂𝒄𝒊𝒐𝒏𝒂 𝒆𝒍 𝒔𝒊𝒈𝒖𝒊𝒆𝒏𝒕𝒆\n𝒆𝒎𝒐𝒈𝒊 𝒄𝒐𝒏 𝒖𝒏𝒂 𝒑𝒆𝒍𝒊𝒄𝒖𝒍𝒂 🤓\n\n*❂%rndm_custom_1_🦈🌊,👽💀,🚗💥,🥊👊,🚿😱,🔪️💀,🚗🐝,🦌💔,❄️👸,🏠👽%❂*\n\n*𝐓𝐢𝐞𝐧𝐞𝐬 30 𝐬𝐞𝐠𝐮𝐧𝐝𝐨𝐬 ...* ⏳<#>*𝑯𝒆𝒚 %name%!! 𝒔𝒆* \n*𝒂𝒈𝒐𝒕𝒐́ 𝒆𝒍 𝒕𝒊𝒆𝒎𝒑𝒐 𝒑𝒂𝒓𝒂* ⏳\n*𝒆𝒔𝒕𝒆 𝒋𝒖𝒆𝒈𝒐 _%message%_* ❌","all","30","30","b","","","","","0","","","","","","","","seconds","30","0","","",,,,"1",,,,,,
"/pelicula","none","*🀃 ᴳᴼᴷᵁ (𐫱) 𝙱 𝙻 𝙰 𝙲 𝙺 🀃 🜲* 🔥\n\n𝑯𝒆𝒚 ✨ `%name%` \n𝒓𝒆𝒄𝒖𝒆𝒓𝒅𝒂 𝒒𝒖𝒆 𝒂𝒖𝒏 𝒉𝒂𝒚 𝒖𝒏 🚫\n𝒋𝒖𝒆𝒈𝒐 𝒑𝒆𝒏𝒅𝒊𝒆𝒏𝒕𝒆 𝒆𝒏 𝒆𝒍 𝒄𝒉𝒂𝒕 🤓","single","","","b","","","2","2","0","","","","","","","","seconds","1","0","","",,,,"1",,,,,,
"/misterio","none","*🀃 ᴳᴼᴷᵁ (𐫱) 𝙱 𝙻 𝙰 𝙲 𝙺 🀃 🜲* 🔥\n\n𝑯𝒐𝒍𝒂 𝒅𝒆𝒕𝒆𝒄𝒕𝒊𝒗𝒆 🕵️‍♂️🕵️‍♀️\n_!!%name%!!_ 𝒓𝒆𝒔𝒖𝒆𝒍𝒗𝒆 \n𝒆𝒍 𝒔𝒊𝒈𝒖𝒊𝒆𝒏𝒕𝒆 𝒎𝒊𝒔𝒕𝒆𝒓𝒊𝒐 🔮‼️\n%rndm_custom_1_\n*𝑬𝒍 𝒎𝒊𝒔𝒕𝒆𝒓𝒊𝒐 𝒅𝒆𝒍 𝒑𝒂𝒓𝒒𝒖𝒆*\nUn niño se pierde en un parque. ¿Qué hizo?\n> Se subió a un árbol para ver mejor\n> Siguió a un perro que vio,\n*𝑳𝒂 𝒅𝒆𝒔𝒂𝒑𝒂𝒓𝒊𝒄𝒊𝒐𝒏 𝒅𝒆𝒍 𝒄𝒐𝒍𝒍𝒂𝒓*\nUna mujer nota que su collar favorito ha desaparecido. ¿Qué pasó?\n> Se lo prestó a su hermana\n> Lo perdió en la lavandería,\n*𝑬𝒍 𝒑𝒓𝒐𝒃𝒍𝒆𝒎𝒂 𝒅𝒆𝒍 𝒄𝒐𝒄𝒉𝒆*\nUn hombre se da cuenta de que su coche no arranca. ¿Qué es lo que pasa?\n> La batería está descargada\n> El tanque de gasolina está vacío,\n*𝑳𝒂 𝒎𝒊𝒔𝒕𝒆𝒓𝒊𝒐𝒔𝒂 𝒍𝒍𝒂𝒎𝒂𝒅𝒂* \nUna persona recibe una llamada anónima. ¿Quién es?\n> Un amigo bromeando\n> Un desconocido que se equivocó de número,\n*𝑬𝒍 𝒆𝒓𝒓𝒐𝒓 𝒆𝒏 𝒆𝒍 𝒓𝒆𝒔𝒕𝒂𝒖𝒓𝒂𝒏𝒕𝒆*\nUn cliente se da cuenta de que su pedido en un restaurante es incorrecto. ¿Qué pasó?\n> El mesero se equivocó al tomar el pedido\n> La cocina se confundió con otro pedido%\n\n*𝐓𝐢𝐞𝐧𝐞𝐬 1 𝐦𝐢𝐧𝐮𝐭𝐨 ...* ⏳<#>*𝑯𝒆𝒚 %name%!! 𝒔𝒆* \n*𝒂𝒈𝒐𝒕𝒐́ 𝒆𝒍 𝒕𝒊𝒆𝒎𝒑𝒐 𝒑𝒂𝒓𝒂* ⏳\n*𝒆𝒔𝒕𝒆 𝒋𝒖𝒆𝒈𝒐 _%message%_* ❌","all","60","60","b","","","","","0","","","","","","","","minutes","1","0","","",,,,"1",,,,,,
"/misterio","none","*🀃 ᴳᴼᴷᵁ (𐫱) 𝙱 𝙻 𝙰 𝙲 𝙺 🀃 🜲* 🔥\n\n𝑯𝒆𝒚 ✨ `%name%` \n𝒓𝒆𝒄𝒖𝒆𝒓𝒅𝒂 𝒒𝒖𝒆 𝒂𝒖𝒏 𝒉𝒂𝒚 𝒖𝒏 🚫\n𝒋𝒖𝒆𝒈𝒐 𝒑𝒆𝒏𝒅𝒊𝒆𝒏𝒕𝒆 𝒆𝒏 𝒆𝒍 𝒄𝒉𝒂𝒕 🤓","single","","","b","","","2","2","0","","","","","","","","seconds","1","0","","",,,,"1",,,,,,
"/cara// /cello","normal","*🀃 ᴳᴼᴷᵁ (𐫱) 𝙱 𝙻 𝙰 𝙲 𝙺 🀃 🜲* 🔥\n\n𝑯𝒆𝒚 _!%name%!_ 𝒕𝒖 \n𝒑𝒐𝒔𝒊𝒄𝒊𝒐𝒏 𝒆𝒔 :\n*_%message%/_* \n\n𝑳𝒂 𝒑𝒐𝒔𝒊𝒄𝒊𝒐𝒏 𝒅𝒆𝒍 𝒃𝒐𝒕 𝒆𝒔 : \n*_%rndm_custom_1_/cara/,/cello/%_*\n\n𝑮𝑼𝑰𝑨 : 🤠\n╔══════╡𝐆𝐮𝐢𝐚╞═══════✪\n║✅𝔊𝔞𝔫𝔞𝔰 𝔰𝔦 𝔩𝔞𝔰 𝔭𝔬𝔰𝔦𝔠𝔦𝔬𝔫𝔢𝔰 𝔢𝔰 𝔪𝔢𝔧𝔬𝔯\n║❌𝔓𝔦𝔢𝔯𝔡𝔢𝔰 𝔰𝔦 𝔱𝔲 𝔭𝔦𝔰𝔦𝔠𝔦𝔬𝔫 𝔢𝔰 𝔟𝔞𝔧𝔞 \n╚══════╡𝐆𝐮𝐢𝐚╞═══════✪","single","","","b","","","","","0","","","","","","","","seconds","1","0","","",,,,"1",,,,,,
"/worfind","none","*🀃 ᴳᴼᴷᵁ (𐫱) 𝙱 𝙻 𝙰 𝙲 𝙺 🀃 🜲* 🔥\n \n𝑯𝒐𝒍𝒂 _%name%!!_ 🎊\n𝒃𝒊𝒆𝒏𝒗𝒆𝒏𝒊𝒅𝒐 𝒂𝒍 𝒋𝒖𝒆𝒈𝒐 : ‼️\n\n> 𝐖𝐎𝐑𝐅𝐈𝐍𝐃 🧩✨\n\n𝑬𝒏𝒄𝒖𝒆𝒏𝒕𝒓𝒂 𝒍𝒂 𝒍𝒆𝒕𝒓𝒂 `ⓕ`\n┏━━━━━━━━━━l ꙰|𐃜|\n┃ ❂ ⓵⓶⓷⓸⓹⓺\n┃⓵ ⓠⓦⓐⓡⓣⓨ\n┃⓶ ⓘⓞⓟⓓⓢⓓ\n┃⓷ ⓟⓖⓗⓙⓚⓛ\n┃⓸ ⓝ̃ⓜⓝⓕⓥⓒ\n┃⓹ ⓧⓩⓠⓦⓔⓡ\n┗━━━━━━━━━━l ꙰|𐃜|\n\n𝘗𝘳𝘪𝘮𝘦𝘳𝘰 𝘭𝘢 ↟ 𝘤𝘰𝘭𝘶𝘮𝘯𝘢 𝘺 \n𝘭𝘶𝘦𝘨𝘰 𝘭𝘢 → 𝘧𝘪𝘭𝘢 \n𝘜𝘴𝘦 𝘦𝘭 𝘤𝘰𝘮𝘢𝘯𝘥𝘰 `/` 👈🤠\n𝘌𝘫𝘦𝘮𝘱𝘭𝘰 : */1.2* 🤓\n\n*𝐓𝐢𝐞𝐧𝐞𝐬 30 𝐬𝐞𝐠𝐮𝐧𝐝𝐨𝐬 ...* ⏳<#>*🀃 ᴳᴼᴷᵁ (𐫱) 𝙱 𝙻 𝙰 𝙲 𝙺 🀃 🜲* 🔥\n \n𝑯𝒐𝒍𝒂 _%name%!!_ 🎊\n𝒃𝒊𝒆𝒏𝒗𝒆𝒏𝒊𝒅𝒐 𝒂𝒍 𝒋𝒖𝒆𝒈𝒐 : ‼️\n\n> 𝐖𝐎𝐑𝐅𝐈𝐍𝐃 🧩✨\n\n𝑬𝒏𝒄𝒖𝒆𝒏𝒕𝒓𝒂 𝒍𝒂 𝒍𝒆𝒕𝒓𝒂 `ⓓ`\n┏━━━━━━━━━━l ꙰|𐃜|\n┃ ❂ ⓵⓶⓷⓸⓹⓺\n┃⓵ ⓙⓐⓞⓐⓟⓛ\n┃⓶ ⓘⓞⓟⓓⓙⓚ\n┃⓷ ⓟⓖⓗⓙⓚⓛ\n┃⓸ ⓝ̃ⓜⓝⓕⓞⓟ\n┃⓹ ⓐⓙⓚⓐⓐⓐ\n┗━━━━━━━━━━l ꙰|𐃜|\n\n𝘗𝘳𝘪𝘮𝘦𝘳𝘰 𝘭𝘢 ↟ 𝘤𝘰𝘭𝘶𝘮𝘯𝘢 𝘺 \n𝘭𝘶𝘦𝘨𝘰 𝘭𝘢 → 𝘧𝘪𝘭𝘢 \n𝘜𝘴𝘦 𝘦𝘭 𝘤𝘰𝘮𝘢𝘯𝘥𝘰 `/` 👈🤠\n𝘌𝘫𝘦𝘮𝘱𝘭𝘰 : */1.2* 🤓\n\n*𝐓𝐢𝐞𝐧𝐞𝐬 30 𝐬𝐞𝐠𝐮𝐧𝐝𝐨𝐬 ...* ⏳<#>*🀃 ᴳᴼᴷᵁ (𐫱) 𝙱 𝙻 𝙰 𝙲 𝙺 🀃 🜲* 🔥\n \n𝑯𝒐𝒍𝒂 _%name%!!_ 🎊\n𝒃𝒊𝒆𝒏𝒗𝒆𝒏𝒊𝒅𝒐 𝒂𝒍 𝒋𝒖𝒆𝒈𝒐 : ‼️\n\n> 𝐖𝐎𝐑𝐅𝐈𝐍𝐃 🧩✨\n\n𝑬𝒏𝒄𝒖𝒆𝒏𝒕𝒓𝒂 𝒍𝒂 𝒍𝒆𝒕𝒓𝒂 `ⓨ`\n┏━━━━━━━━━━l ꙰|𐃜|\n┃ ❂ ⓵⓶⓷⓸⓹⓺\n┃⓵ ⓜⓘⓐⓝⓢⓨ\n┃⓶ ⓚⓐⓟⓐⓐⓚ\n┃⓷ ⓐⓝⓠⓠⓑⓥ\n┃⓸ ⓝⓠⓤⓔⓑⓐ\n┃⓹ ⓚⓐⓞⓐⓞⓖ\n┗━━━━━━━━━━l ꙰|𐃜|\n\n𝘗𝘳𝘪𝘮𝘦𝘳𝘰 𝘭𝘢 ↟ 𝘤𝘰𝘭𝘶𝘮𝘯𝘢 𝘺 \n𝘭𝘶𝘦𝘨𝘰 𝘭𝘢 → 𝘧𝘪𝘭𝘢 \n𝘜𝘴𝘦 𝘦𝘭 𝘤𝘰𝘮𝘢𝘯𝘥𝘰 `/` 👈🤠\n𝘌𝘫𝘦𝘮𝘱𝘭𝘰 : */1.2* 🤓\n\n*𝐓𝐢𝐞𝐧𝐞𝐬 30 𝐬𝐞𝐠𝐮𝐧𝐝𝐨𝐬 ...* ⏳<#>*🀃 ᴳᴼᴷᵁ (𐫱) 𝙱 𝙻 𝙰 𝙲 𝙺 🀃 🜲* 🔥\n \n𝑯𝒐𝒍𝒂 _%name%!!_ 🎊\n𝒃𝒊𝒆𝒏𝒗𝒆𝒏𝒊𝒅𝒐 𝒂𝒍 𝒋𝒖𝒆𝒈𝒐 : ‼️\n\n> 𝐖𝐎𝐑𝐅𝐈𝐍𝐃 🧩✨\n\n𝑬𝒏𝒄𝒖𝒆𝒏𝒕𝒓𝒂 𝒍𝒂 𝒍𝒆𝒕𝒓𝒂 `ⓞ`\n┏━━━━━━━━━━l ꙰𐃜|\n┃ ❂ ⓵⓶⓷⓸⓹⓺\n┃⓵ ⓠⓦⓜⓡⓣⓦ\n┃⓶ ⓦⓜⓦⓙⓐⓚ\n┃⓷ ⓟⓖⓗⓐⓙⓐ\n┃⓸ ⓝ̃ⓜⓝⓕⓦⓜ\n┃⓹ ⓧⓐⓚⓠⓞⓟ\n┗━━━━━━━━━━l ꙰|𐃜|\n\n\n𝘗𝘳𝘪𝘮𝘦𝘳𝘰 𝘭𝘢 ↟ 𝘤𝘰𝘭𝘶𝘮𝘯𝘢 𝘺 \n𝘭𝘶𝘦𝘨𝘰 𝘭𝘢 → 𝘧𝘪𝘭𝘢 \n𝘜𝘴𝘦 𝘦𝘭 𝘤𝘰𝘮𝘢𝘯𝘥𝘰 `/` 👈🤠\n𝘌𝘫𝘦𝘮𝘱𝘭𝘰 : */1.2* 🤓\n\n*𝐓𝐢𝐞𝐧𝐞𝐬 30 𝐬𝐞𝐠𝐮𝐧𝐝𝐨𝐬 ...* ⏳<#>*🀃 ᴳᴼᴷᵁ (𐫱) 𝙱 𝙻 𝙰 𝙲 𝙺 🀃 🜲* 🔥\n \n𝑯𝒐𝒍𝒂 _%name%!!_ 🎊\n𝒃𝒊𝒆𝒏𝒗𝒆𝒏𝒊𝒅𝒐 𝒂𝒍 𝒋𝒖𝒆𝒈𝒐 : ‼️\n\n> 𝐖𝐎𝐑𝐅𝐈𝐍𝐃 🧩✨\n\n𝑬𝒏𝒄𝒖𝒆𝒏𝒕𝒓𝒂 𝒍𝒂 𝒍𝒆𝒕𝒓𝒂 `ⓚ`\n┏━━━━━━━━━━l ꙰|𐃜|\n┃ ❂ ⓵⓶⓷⓸⓹⓺\n┃⓵ ⓠⓦⓐⓡⓣⓨ\n┃⓶ ⓘⓞⓟⓓⓢⓓ\n┃⓷ ⓟⓗⓖⓙⓚⓟ\n┃⓸ ⓝⓦⓔⓡⓕⓕ\n┃⓹ ⓐⓚⓐⓟⓠⓚ\n┗━━━━━━━━━━l ꙰|𐃜|\n\n𝘗𝘳𝘪𝘮𝘦𝘳𝘰 𝘭𝘢 ↟ 𝘤𝘰𝘭𝘶𝘮𝘯𝘢 𝘺 \n𝘭𝘶𝘦𝘨𝘰 𝘭𝘢 → 𝘧𝘪𝘭𝘢 \n𝘜𝘴𝘦 𝘦𝘭 𝘤𝘰𝘮𝘢𝘯𝘥𝘰 `/` 👈🤠\n𝘌𝘫𝘦𝘮𝘱𝘭𝘰 : */1.2* 🤓\n\n*𝐓𝐢𝐞𝐧𝐞𝐬 30 𝐬𝐞𝐠𝐮𝐧𝐝𝐨𝐬 ...* ⏳","random","","","b","","","","","0","","","","","","","","seconds","30","0","","",,,,"1",,,,,,
"/worfind","none","*🀃 ᴳᴼᴷᵁ (𐫱) 𝙱 𝙻 𝙰 𝙲 𝙺 🀃 🜲* 🔥\n\n𝑯𝒆𝒚 ✨ `%name%` \n𝒓𝒆𝒄𝒖𝒆𝒓𝒅𝒂 𝒒𝒖𝒆 𝒂𝒖𝒏 𝒉𝒂𝒚 𝒖𝒏 🚫\n𝒋𝒖𝒆𝒈𝒐 𝒑𝒆𝒏𝒅𝒊𝒆𝒏𝒕𝒆 𝒆𝒏 𝒆𝒍 𝒄𝒉𝒂𝒕 🤓","single","","","b","","","2","2","0","","","","","","","","seconds","1","0","","",,,,"1",,,,,,
"/slot","none","*🀃 ᴳᴼᴷᵁ (𐫱) 𝙱 𝙻 𝙰 𝙲 𝙺 🀃 🜲* 🔥\n\n_!%name%!_ 𝒈𝒊𝒓𝒐 \n𝒆𝒍 𝒔𝒍𝒐𝒕 𝒚 𝒔𝒖 𝒓𝒆𝒔𝒖𝒍𝒕𝒂𝒅𝒐 𝒆𝒔: 🤯\n\n*━━━━━━━━━━┓*\n*┏━━━━☆━━━━┓*\n🎰┃ :%rndm_custom_3_💎:,💰:,🪙:% 🎊\n🎰┃ :%rndm_custom_3_💎:,💰:,🪙:% 🎊\n🎰┃ :%rndm_custom_3_💎:,💰:,🪙:% 🎊\n*┗━━━━☆━━━━┛*\n*━━━━━━━━━━┛*\n\n𝐍𝐎𝐓𝐀 ‼️😺\n𝔊𝔞𝔫𝔞𝔰 𝔰𝔦 𝔰𝔞𝔠𝔞𝔰 (💎💎💎) 𝔢𝔧𝔢𝔪𝔭𝔩𝔬\n𝔢𝔫 𝔳𝔢𝔯𝔱𝔦𝔠𝔞𝔩 𝔬𝔯𝔦𝔷𝔬𝔫𝔱𝔞𝔩 𝔶 𝔡𝔦𝔞𝔤𝔬𝔫𝔞𝔩 ✅","single","","","b","","","","","0","","","","","","","","seconds","3","0","","",,,,"1",,,,,,
"/ruleta","none","*🀃 ᴳᴼᴷᵁ (𐫱) 𝙱 𝙻 𝙰 𝙲 𝙺 🀃 🜲* 🔥\n \n_%name%!!_ 𝒈𝒊𝒓𝒐́ 𝒍𝒂 \n𝒓𝒖𝒍𝒆𝒕𝒂 𝒚 𝒐𝒃𝒕𝒖𝒗𝒐 𝒆𝒍 𝒄𝒐𝒍𝒐𝒓: 🎊\n\n┏━━━l🎁\n┃ %rndm_custom_1_🟡,🟢,🔵,⚪,⚪,⚪,⚪,⚪,🟠%\n┗━━━l🎁\n\n𝚄𝚜𝚊 𝚎𝚕 𝚌𝚘𝚖𝚊𝚗𝚍𝚘 */ruleta2*\n𝚙𝚊𝚛𝚊 𝚟𝚎𝚛 𝚝𝚞 𝚙𝚛𝚎𝚖𝚒𝚘 🥳\n\n*𝐕𝐮𝐞𝐥𝐯𝐞 𝐞𝐧 10 𝐬𝐞𝐠𝐮𝐧𝐝𝐨𝐬 ...* ⏳<#>*🀃 ᴳᴼᴷᵁ (𐫱) 𝙱 𝙻 𝙰 𝙲 𝙺 🀃 🜲* 🔥\n\n𝑯𝒐𝒍𝒂 _!%name%!_ \n𝒚𝒂 𝒑𝒖𝒆𝒅𝒆𝒔 𝒈𝒊𝒓𝒂𝒓 𝒍𝒂 𝒓𝒖𝒍𝒆𝒕𝒂 ⏰","all","10","10","b","","","","","0","","","","","","","","seconds","10","0","","",,,,"1",,,,,,
"/ruleta2","none","*🀃 ᴳᴼᴷᵁ (𐫱) 𝙱 𝙻 𝙰 𝙲 𝙺 🀃 🜲* 🔥\n \n_%name%!!_  𝒂𝒒𝒖𝒊 𝒍𝒐𝒔\n𝒑𝒓𝒆𝒎𝒊𝒐𝒔 : 🎉‼️\n\n╭──────────────────\n | 🟡 𝐆𝐚𝐧𝐚𝐬 𝐛𝐚𝐫𝐫𝐚 𝐝𝐞 𝐨𝐫𝐨 〽️×%rndm_custom_1_1,2,3,4,5%\n | 🟢 𝐆𝐚𝐧𝐚𝐬 𝐞𝐱𝐩 💸×%rndm_custom_3_1,2,3,4,5,6,7,8,9,0%\n | 🔵 𝐆𝐚𝐧𝐚𝐬 𝐝𝐢𝐚𝐦𝐚𝐧𝐭𝐞𝐬 💎×%rndm_custom_1_1,2,3%\n | ⚪ 𝐒𝐢𝐧 𝐩𝐫𝐞𝐦𝐢𝐨 *!!* ❌\n | 🟠 𝐆𝐚𝐧𝐚𝐬 𝐘𝐮𝐧𝐢𝐂𝐨𝐢𝐧𝐬 🪙×%rndm_custom_1_1,2,3,4%\n╰──────────────────","single","","","b","","","","","0","","","","","","","","seconds","1","0","","",,,,"1",,,,,,
"/dif","none","🀃 ᴳᴼᴷᵁ (𐫱) 𝙱 𝙻 𝙰 𝙲 𝙺 🀃 🜲* 🔥\n\n𝑯𝒆𝒚 _!%name%!_ \n𝒆𝒏𝒄𝒖𝒆𝒏𝒕𝒓𝒂 𝒍𝒂 𝒅𝒊𝒇𝒆𝒓𝒆𝒏𝒄𝒊𝒂: 👇\n\n> 𝐋𝐀𝐒 𝐃𝐈𝐅𝐄𝐑𝐄𝐍𝐂𝐈𝐀𝐒 📑\n\n *┏━━━━━━━━━━━━━┓*\n*⓵┃%rndm_custom_4_🄷,🄷,🄾,🄷%┃%rndm_custom_4_🄷,🄾,🄷,🄷%┃*\n*⓶┃%rndm_custom_4_🄷,🄷,🄾,🄷%┃%rndm_custom_4_🄷,🄷,🄾,🄷%┃*\n*⓷┃%rndm_custom_4_🄷,🄾,🄷,🄷%┃%rndm_custom_4_🄷,🄾,🄾,🄷%┃*\n *┗━━━━━━━━━━━━━┛*\n𝑪𝒖𝒂𝒍 𝒆𝒔 𝒍𝒂 𝒇𝒊𝒍𝒂 𝒄𝒐𝒏 𝒎𝒂𝒔 \n𝒆𝒓𝒓𝒐𝒓𝒆𝒔 𝒒𝒖𝒆 𝒐𝒃𝒔𝒆𝒓𝒗𝒂𝒔 ?? 🤔\n\n*𝐓𝐢𝐞𝐧𝐞𝐬 30 𝐬𝐞𝐠𝐮𝐧𝐝𝐨𝐬 ...* ⏳<#>*𝑯𝒆𝒚 %name%!! 𝒔𝒆* \n*𝒂𝒈𝒐𝒕𝒐́ 𝒆𝒍 𝒕𝒊𝒆𝒎𝒑𝒐 𝒑𝒂𝒓𝒂* ⏳\n*𝒆𝒔𝒕𝒆 𝒋𝒖𝒆𝒈𝒐 _%message%_* ❌","all","30","30","b","","","","","0","","","","","","","","seconds","30","0","","",,,,"1",,,,,,
"fila 1//fila 2//fila 3","normal","*🀃 ᴳᴼᴷᵁ (𐫱) 𝙱 𝙻 𝙰 𝙲 𝙺 🀃 🜲* 🔥\n\n𝐇𝐞𝐞 _%name%!!_ ✅\n\n𝐔𝐛𝐢𝐜𝐚𝐬𝐭𝐞𝐬 𝐛𝐢𝐞𝐧 𝐥𝐚  ✅\n𝐝𝐢𝐟𝐞𝐫𝐞𝐧𝐜𝐢𝐚, 𝐪𝐮𝐞 𝐩𝐫𝐨 🥳\n\n𝐑𝐄𝐂𝐎𝐌𝐏𝐄𝐍𝐒𝐀 : ‼️\n> *+50 𝐞𝐱𝐩 💸*","single","","","b","","","","","0","","","","","","","","seconds","1","0","43","",,,,"1",,,,,,
"gritar//correr//guitarra//marcador//pelota//linea//fuego//romper//gasolina//parlante","normal","*🀃 ᴳᴼᴷᵁ (𐫱) 𝙱 𝙻 𝙰 𝙲 𝙺 🀃 🜲* 🔥\n\n𝕭𝖎𝖊𝖓 𝖍𝖊𝖈𝖍𝖔 %name% 🎊\n\n𝐋𝐨𝐠𝐫𝐚𝐬𝐭𝐞 𝐨𝐫𝐝𝐞𝐧𝐚𝐫 𝐛𝐢𝐞𝐧 \n𝐥𝐚 𝐩𝐚𝐥𝐚𝐛𝐫𝐚, 𝐪𝐮𝐞 𝐩𝐫𝐨 🥳\n\n𝐑𝐄𝐂𝐎𝐌𝐏𝐄𝐍𝐒𝐀 :‼️\n> *+50 𝐞𝐱𝐩* 💸","single","","","b","","","","","0","","","","","","","","seconds","1","0","9","",,,,"1",,,,,,
"paris//cervantes//jupiter//h2o//washington//amazonas//producir energia//homero//oxigeno//condicion atmosferica","normal","*🀃 ᴳᴼᴷᵁ (𐫱) 𝙱 𝙻 𝙰 𝙲 𝙺 🀃 🜲* 🔥\n\n𝑰𝒏𝒄𝒓𝒆𝒊𝒃𝒍𝒆 _%name%!!_ 🎉\n\n𝐑𝐞𝐬𝐩𝐨𝐧𝐝𝐢𝐬𝐭𝐞𝐬 𝐛𝐢𝐞𝐧 𝐚 𝐞𝐬𝐭𝐚\n𝐩𝐫𝐞𝐠𝐮𝐧𝐭𝐚, 𝐪𝐮𝐞 𝐭𝐫𝐨𝐦𝐞 ✅\n\n𝐑𝐄𝐂𝐎𝐌𝐏𝐄𝐍𝐒𝐀 : ‼️\n> *+50 𝐞𝐱𝐩 💸*","single","","","b","","","","","0","","","","","","","","seconds","1","0","11","",,,,"1",,,,,,
"milan//whiliam//neptuno//co2//tomas//nilo//un proceso//nitrogeno//na","normal","*🀃 ᴳᴼᴷᵁ (𐫱) 𝙱 𝙻 𝙰 𝙲 𝙺 🀃 🜲* 🔥\n\n𝑼𝒑𝒔 _!! %name%_ ❌\n𝒆𝒔𝒂 𝒏𝒐 𝒆𝒔 𝒍𝒂 𝒓𝒆𝒔𝒑𝒖𝒆𝒔𝒕𝒂  ❌\n𝒄𝒐𝒓𝒓𝒆𝒄𝒕𝒂, 𝒊𝒏𝒕𝒆𝒏𝒕𝒂 𝒐𝒕𝒓𝒂 𝒗𝒆𝒛 😄","single","","","b","","","","","0","","","","","","","","seconds","1","0","11","",,,,"1",,,,,,
"13","none","*🀃 ᴳᴼᴷᵁ (𐫱) 𝙱 𝙻 𝙰 𝙲 𝙺 🀃 🜲* 🔥\n\n𝑰𝒎𝒑𝒐𝒔𝒊𝒃𝒍𝒆 _%name%!!_ 🎉\n\n𝐑𝐞𝐬𝐩𝐨𝐧𝐝𝐢𝐬𝐭𝐞𝐬 𝐛𝐢𝐞𝐧 𝐚 𝐞𝐬𝐭𝐚\n𝐩𝐫𝐞𝐠𝐮𝐧𝐭𝐚, 𝐪𝐮𝐞 𝐩𝐫𝐨 🎊 ✅\n\n𝐑𝐄𝐂𝐎𝐌𝐏𝐄𝐍𝐒𝐀 : ‼️\n> *+50 𝐞𝐱𝐩 💸*","single","","","b","","","","","0","","","","","","","","seconds","1","0","14","",,,,"1",,,,,,
"67","none","*🀃 ᴳᴼᴷᵁ (𐫱) 𝙱 𝙻 𝙰 𝙲 𝙺 🀃 🜲* 🔥\n\n𝑰𝒎𝒑𝒐𝒔𝒊𝒃𝒍𝒆 _%name%!!_ 🎉\n\n𝐑𝐞𝐬𝐩𝐨𝐧𝐝𝐢𝐬𝐭𝐞𝐬 𝐛𝐢𝐞𝐧 𝐚 𝐞𝐬𝐭𝐚\n𝐩𝐫𝐞𝐠𝐮𝐧𝐭𝐚, 𝐪𝐮𝐞 𝐩𝐫𝐨 🎊 ✅\n\n𝐑𝐄𝐂𝐎𝐌𝐏𝐄𝐍𝐒𝐀 : ‼️\n> *+50 𝐞𝐱𝐩 💸*","single","","","b","","","","","0","","","","","","","","seconds","1","0","15","",,,,"1",,,,,,
"856","none","*🀃 ᴳᴼᴷᵁ (𐫱) 𝙱 𝙻 𝙰 𝙲 𝙺 🀃 🜲* 🔥\n\n𝑰𝒎𝒑𝒐𝒔𝒊𝒃𝒍𝒆 _%name%!!_ 🎉\n\n𝐑𝐞𝐬𝐩𝐨𝐧𝐝𝐢𝐬𝐭𝐞𝐬 𝐛𝐢𝐞𝐧 𝐚 𝐞𝐬𝐭𝐚\n𝐩𝐫𝐞𝐠𝐮𝐧𝐭𝐚, 𝐪𝐮𝐞 𝐩𝐫𝐨 🎊 ✅\n\n𝐑𝐄𝐂𝐎𝐌𝐏𝐄𝐍𝐒𝐀 : ‼️\n> *+50 𝐞𝐱𝐩 💸*","single","","","b","","","","","0","","","","","","","","seconds","1","0","16","",,,,"1",,,,,,
"1235","none","*🀃 ᴳᴼᴷᵁ (𐫱) 𝙱 𝙻 𝙰 𝙲 𝙺 🀃 🜲* 🔥\n\n𝑰𝒎𝒑𝒐𝒔𝒊𝒃𝒍𝒆 _%name%!!_ 🎉\n\n𝐑𝐞𝐬𝐩𝐨𝐧𝐝𝐢𝐬𝐭𝐞𝐬 𝐛𝐢𝐞𝐧 𝐚 𝐞𝐬𝐭𝐚\n𝐩𝐫𝐞𝐠𝐮𝐧𝐭𝐚, 𝐪𝐮𝐞 𝐩𝐫𝐨 🎊 ✅\n\n𝐑𝐄𝐂𝐎𝐌𝐏𝐄𝐍𝐒𝐀 : ‼️\n> *+50 𝐞𝐱𝐩 💸*","single","","","b","","","","","0","","","","","","","","seconds","1","0","17","",,,,"1",,,,,,
"24","none","*🀃 ᴳᴼᴷᵁ (𐫱) 𝙱 𝙻 𝙰 𝙲 𝙺 🀃 🜲* 🔥\n\n𝑰𝒎𝒑𝒐𝒔𝒊𝒃𝒍𝒆 _%name%!!_ 🎉\n\n𝐑𝐞𝐬𝐩𝐨𝐧𝐝𝐢𝐬𝐭𝐞𝐬 𝐛𝐢𝐞𝐧 𝐚 𝐞𝐬𝐭𝐚\n𝐩𝐫𝐞𝐠𝐮𝐧𝐭𝐚, 𝐪𝐮𝐞 𝐩𝐫𝐨 🎊 ✅\n\n𝐑𝐄𝐂𝐎𝐌𝐏𝐄𝐍𝐒𝐀 : ‼️\n> *+50 𝐞𝐱𝐩 💸*","single","","","b","","","","","0","","","","","","","","seconds","1","0","18","",,,,"1",,,,,,
"jugar//punto//ganar//patear//messi//gamer//pro//musica//saxofon//guion//planta//tallo//raiz","normal","*🀃 ᴳᴼᴷᵁ (𐫱) 𝙱 𝙻 𝙰 𝙲 𝙺 🀃 🜲* 🔥\n\n𝑾𝒐𝒖𝒖 _%name%!!_ 🎉\n\n𝐄𝐧𝐜𝐨𝐧𝐭𝐫𝐚𝐬𝐭𝐞 𝐥𝐚 𝐩𝐚𝐥𝐚𝐛𝐫𝐚\n𝐞𝐧 𝐥𝐚 𝐬𝐨𝐩𝐚, 𝐦𝐮𝐲 𝐛𝐢𝐞𝐧  😃\n\n𝐑𝐄𝐂𝐎𝐌𝐏𝐄𝐍𝐒𝐀 : ‼️\n> *+50 𝐞𝐱𝐩 💸*","single","","","b","","","","","0","","","","","","","","seconds","1","0","20","",,,,"1",,,,,,
"1//2//3//4//5//6//7//8//9","normal","*🀃 ᴳᴼᴷᵁ (𐫱) 𝙱 𝙻 𝙰 𝙲 𝙺 🀃 🜲* 🔥 \n\n𝐇𝐨𝐨 _!%name!_ 🎯\n𝒍𝒂 𝒓𝒖𝒍𝒆𝒕𝒂 𝒔𝒆 𝒅𝒆𝒕𝒖𝒗𝒐 𝒆𝒏 𝒆𝒍 𝒏°:😮\n*✦ %rndm_custom_1_①,②,③,④,⑤,⑥, ⑦,⑧,⑨% ✦* 🔢\n\n𝑻𝒖 𝒑𝒐𝒔𝒊𝒄𝒊𝒐́𝒏 𝒆𝒔 : 😺👇\n*✦ %message% ✦* 🔢\n\n𝑮𝑼𝑰𝑨 : 👇🎉\n╔══════╡𝐆𝐮𝐢𝐚╞═══════✪\n║✅𝔊𝔞𝔫𝔞𝔰 𝔰𝔦 𝔩𝔞𝔰 𝔭𝔬𝔰𝔦𝔠𝔦𝔬𝔫𝔢𝔰 𝔰𝔬𝔫 𝔦𝔤𝔲𝔞𝔩𝔢𝔰\n║❌𝔓𝔦𝔢𝔯𝔡𝔢𝔰 𝔰𝔦 𝔰𝔬𝔫 𝔡𝔦𝔣𝔢𝔯𝔢𝔫𝔱𝔢𝔰 𝔭𝔬𝔰𝔦𝔠𝔦𝔬𝔫𝔢𝔰\n╚══════╡𝐆𝐮𝐢𝐚╞═══════✪","single","","","b","","","","","0","","","","","","","","seconds","1","0","28","",,,,"1",,,,,,
"😄//😧//😐//😸//☹️","normal","*🀃 ᴳᴼᴷᵁ (𐫱) 𝙱 𝙻 𝙰 𝙲 𝙺 🀃 🜲* 🔥\n\n𝑬𝒙𝒆𝒍𝒆𝒏𝒕𝒆 _%name%!!_ 🥳\n\n𝐄𝐧𝐜𝐨𝐧𝐭𝐫𝐚𝐬𝐭𝐞 𝐞𝐥 𝐞𝐦𝐨𝐠𝐢\n𝐞𝐧 𝐥𝐚 𝐬𝐨𝐩𝐚 𝐝𝐞 𝐞𝐦𝐨𝐠𝐢 ✅\n\n𝐑𝐄𝐂𝐎𝐌𝐏𝐄𝐍𝐒𝐀 : ‼️\n> *+50 𝐞𝐱𝐩 💸*","single","","","b","","","","","0","","","","","","","","seconds","1","0","29","",,,,"1",,,,,,
"miedo//casas//largo//banco//puente//radio//fiesta//clave//mango","normal","*🀃 ᴳᴼᴷᵁ (𐫱) 𝙱 𝙻 𝙰 𝙲 𝙺 🀃 🜲* 🔥\n\n𝑯𝒂𝒍𝒂𝒂𝒂 _%name%!!_ 🥳\n\n𝐂𝐨𝐦𝐩𝐥𝐞𝐭𝐚𝐬𝐭𝐞 𝐛𝐢𝐞𝐧 𝐞𝐥 \n𝐚𝐡𝐨𝐫𝐜𝐚𝐝𝐨, 𝐛𝐢𝐞𝐧 𝐡𝐞𝐜𝐡𝐨 🎊\n\n𝐑𝐄𝐂𝐎𝐌𝐏𝐄𝐍𝐒𝐀 : ‼️\n> *+50 𝐞𝐱𝐩 💸*","single","","","b","","","","","0","","","","","","","","seconds","1","0","31","",,,,"1",,,,,,
"/jaws// /alien// /mad max// /rocky// /psycho// /seven// /herbie// /froze//n /home //bambi","normal","*🀃 ᴳᴼᴷᵁ (𐫱) 𝙱 𝙻 𝙰 𝙲 𝙺 🀃 🜲* 🔥\n\n𝑯𝒂𝒍𝒂𝒂𝒂 _%name%!!_ ✅\n\n𝐀𝐜𝐞𝐫𝐭𝐚𝐬𝐭𝐞 𝐞𝐥 𝐧𝐨𝐦𝐛𝐫𝐞 ✅\n𝐝𝐞 𝐥𝐚 𝐩𝐞𝐥𝐢𝐜𝐮𝐥𝐚 𝐛𝐢𝐞𝐧 𝐡𝐞𝐜𝐡𝐨.\n\n𝐑𝐄𝐂𝐎𝐌𝐏𝐄𝐍𝐒𝐀 : ‼️\n> *+50 𝐞𝐱𝐩 💸*","single","","","b","","","","","0","","","","","","","","seconds","1","0","33","",,,,"1",,,,,,
"se subió a un árbol para ver mejor//se lo prestó a su hermana//la batería está descargada//un amigo bromeando//el mesero se equivocó al tomar el pedido","normal","*🀃 ᴳᴼᴷᵁ (𐫱) 𝙱 𝙻 𝙰 𝙲 𝙺 🀃 🜲* 🔥\n\n𝑯𝒐𝒐𝒐 _%name%!!_ ✅\n\n𝐀𝐜𝐞𝐫𝐭𝐚𝐬𝐭𝐞 𝐚𝐥 𝐦𝐢𝐬𝐭𝐞𝐫𝐢𝐨 \n𝐪𝐮𝐞 𝐛𝐮𝐞𝐧 𝐝𝐞𝐭𝐞𝐜𝐭𝐢𝐯𝐞 ✅\n\n𝐑𝐄𝐂𝐎𝐌𝐏𝐄𝐍𝐒𝐀 : ‼️\n> *+50 𝐞𝐱𝐩 💸*","single","","","b","","","","","0","","","","","","","","seconds","1","0","35","",,,,"1",,,,,,
"siguió a un perro que vio//lo perdió en la lavandería//el tanque de gasolina está vacío//un desconocido que se equivocó de número//la cocina se confundió con otro pedido","normal","*🀃 ᴳᴼᴷᵁ (𐫱) 𝙱 𝙻 𝙰 𝙲 𝙺 🀃 🜲* 🔥\n\n𝑼𝒑𝒔 _!%name%!_ \n𝒆𝒔𝒂 𝒐𝒑𝒄𝒊𝒐𝒏 𝒏𝒐 𝒆𝒔 𝒄𝒐𝒓𝒓𝒆𝒄𝒕𝒂 \n𝒊𝒏𝒕𝒆𝒏𝒕𝒂 𝒅𝒆𝒏𝒖𝒆𝒗𝒐 ❌❌","single","","","b","","","","","0","","","","","","","","seconds","1","0","35","",,,,"1",,,,,,
"4.4//2.4//1.6//5.5//3.5","normal","*🀃 ᴳᴼᴷᵁ (𐫱) 𝙱 𝙻 𝙰 𝙲 𝙺 🀃 🜲* 🔥\n\n𝑯𝒐𝒐𝒐 _%name%!!_ ✅\n\n𝐔𝐛𝐢𝐜𝐚𝐬𝐭𝐞𝐬 𝐛𝐢𝐞𝐧  😎\n𝐥𝐚 𝐥𝐞𝐭𝐫𝐚, 𝐪𝐮𝐞 𝐩𝐫𝐨 🥳\n\n𝐑𝐄𝐂𝐎𝐌𝐏𝐄𝐍𝐒𝐀 : ‼️\n> *+50 𝐞𝐱𝐩 💸*","single","","","b","","","","","0","","","","","","","","seconds","1","0","38","",,,,"1",,,,,,
"/ruleta 2","normal","*🀃 ᴳᴼᴷᵁ (𐫱) 𝙱 𝙻 𝙰 𝙲 𝙺 🀃 🜲* 🔥\n \n_%name%!!_  𝒂𝒒𝒖𝒊 𝒍𝒐𝒔\n𝒑𝒓𝒆𝒎𝒊𝒐𝒔 : 🎉‼️\n\n╭──────────────────\n | 🟡 𝐆𝐚𝐧𝐚𝐬 𝐛𝐚𝐫𝐫𝐚 𝐝𝐞 𝐨𝐫𝐨 〽️×%rndm_custom_1_1,2,3,4,5%\n | 🟢 𝐆𝐚𝐧𝐚𝐬 𝐞𝐱𝐩 💸×%rndm_custom_3_1,2,3,4,5,6,7,8,9,0%\n | 🔵 𝐆𝐚𝐧𝐚𝐬 𝐝𝐢𝐚𝐦𝐚𝐧𝐭𝐞𝐬 💎×%rndm_custom_1_1,2,3%\n | ⚪ 𝐒𝐢𝐧 𝐩𝐫𝐞𝐦𝐢𝐨 *!!* ❌\n | 🟠 𝐆𝐚𝐧𝐚𝐬 𝐘𝐮𝐧𝐢𝐂𝐨𝐢𝐧𝐬 🪙×%rndm_custom_1_1,2,3,4%\n╰──────────────────","single","","","b","","","","","0","","","","","","","","seconds","0","0","41","",,,,,,,,,,
"^/gay ([A-Za-z]+)","expert","*🀃 ᴳᴼᴷᵁ (𐫱) 𝙱 𝙻 𝙰 𝙲 𝙺 🀃 🜲* 🔥\n\n*Hey %name%*\n*%capturing_group_1% es el mas gay* \n*que aya conocido* 😯🏳️‍🌈\n\n*_Nivel de Gay_* \n> *%rndm_num_1_1000%% gay* 🏳️‍🌈","single","1","1","b","","","","","0","","","","","","","","seconds","1","0","","",,,,"1",,,,,,
"^/lesbiana ([A-Za-z]+)","expert","*🀃 ᴳᴼᴷᵁ (𐫱) 𝙱 𝙻 𝙰 𝙲 𝙺 🀃 🜲* 🔥\n\n*Hey %name%*\n*%capturing_group_1% es la más* \n*lesbiana del grupo* 👀🫦\n\n*_Nivel de Lesbiana_* \n> *%rndm_num_1_1000%% lesbiana* 💋","single","1","1","b","","","","","0","","","","","","","","seconds","1","0","","",,,,"1",,,,,,
"^/puto ([A-Za-z]+)","expert","*🀃 ᴳᴼᴷᵁ (𐫱) 𝙱 𝙻 𝙰 𝙲 𝙺 🀃 🜲* 🔥\n\n*Hey %name%*\n*%capturing_group_1% es el mas puto* \n*del planeta entero* ☠️🌍\n\n*_Nivel de Puto_* \n> *%rndm_num_1_1000%% puto* ☠️","single","1","1","b","","","","","0","","","","","","","","seconds","1","0","","",,,,"1",,,,,,
"^/furro ([A-Za-z]+)","expert","*🀃 ᴳᴼᴷᵁ (𐫱) 𝙱 𝙻 𝙰 𝙲 𝙺 🀃 🜲* 🔥\n\n*Hey %name%*\n*%capturing_group_1% es el mas* \n*furro del mundo entero* 🫨👀\n\n*_Nivel de Furro_* \n> *%rndm_num_1_1000%% furro* 😾","single","1","1","b","","","","","0","","","","","","","","seconds","1","0","","",,,,"1",,,,,,
"^/pegar a ([A-Za-z]+)","expert","*🀃 ᴳᴼᴷᵁ (𐫱) 𝙱 𝙻 𝙰 𝙲 𝙺 🀃 🜲* 🔥\n\n*El usuario %name%*\n*ha golpeado a %capturing_group_1% en* \n*dónde más le duele* 👊👿\n\n*_Gravedad del golpe_* \n> *%rndm_num_1_1000%% tuerto* 😶‍🌫️","single","","","b","","","","","0","","","","","","","","seconds","1","0","","",,,,"1",,,,,,
"^/loko ([A-Za-z]+)","expert","*🀃 ᴳᴼᴷᵁ (𐫱) 𝙱 𝙻 𝙰 𝙲 𝙺 🀃 🜲* 🔥\n\n*Hey %name%*\n*%capturing_group_1% es el mas* \n*loko del grupo* 🤪👻\n\n*_Nivel de Loko_* \n> *%rndm_num_1_1000%% loko* 👻","single","","","b","","","","","0","","","","","","","","seconds","1","0","","",,,,"1",,,,,,
"^/disparar a ([A-Za-z]+)","expert","*🀃 ᴳᴼᴷᵁ (𐫱) 𝙱 𝙻 𝙰 𝙲 𝙺 🀃 🜲* 🔥\n\n*El usuario %name%*\n*disparo ha %capturing_group_1%*\n*y quedó en coma* 🤒🚑\n\n*_Nivel del Disparo_* \n> *%rndm_num_1_1000%% muerto* 🔫","single","","","b","","","","","0","","","","","","","","seconds","1","0","","",,,,"1",,,,,,
"^/pareja de ([A-Za-z]+)","expert","*🀃 ᴳᴼᴷᵁ (𐫱) 𝙱 𝙻 𝙰 𝙲 𝙺 🀃 🜲* 🔥\n\n*El usuario %name%*\n*es pareja de %capturing_group_1%*\n*y son los nuevos novios* 🤗❤️\n\n*_Nivel de Amor_* \n> *%rndm_num_100_1000%% amor* ❤️\n\n(⁠◍⁠•⁠ᴗ⁠•⁠◍⁠)⁠❤ (⁠ ⁠˘⁠ ⁠³⁠˘⁠)⁠♥","single","","","b","","","","","0","","","","","","","","days","10","0","","",,,,"1",,,,,,
"/aventura","none","*🀃 ᴳᴼᴷᵁ (𐫱) 𝙱 𝙻 𝙰 𝙲 𝙺 🀃 🜲* 🔥\n \n𝑯𝒐𝒐 _%name%_ ‼️\n𝒂𝒗𝒆𝒏𝒕𝒖𝒓𝒂𝒔𝒕𝒆 𝒑𝒐𝒓 : 🙀\n%rndm_custom_1_*Machu Picchu* 🏞️\n,*Gran Cañón* 🏞️\n,*Monte Everest* ❄️\n,*Amazonas, Sudamérica* 🌴\n,*Isla de Pascua* 🏖️\n,*Cataratas del Iguazú* 💧\n,*Desierto del Sahara* ⛱️*Selva Negra* 🌳,*Glaciar Perito Moreno* ❄️,*Cueva de los Cristales* ⛰️% 🚀\n\n𝒀 𝒄𝒐𝒏𝒔𝒆𝒈𝒖𝒊𝒔𝒕𝒆𝒔 _!!_ 🙀👇<#>*🀃 ᴳᴼᴷᵁ (𐫱) 𝙱 𝙻 𝙰 𝙲 𝙺 🀃 🜲* 🔥\n\n𝑶𝒃𝒋𝒆𝒕𝒐𝒔 𝒗𝒂𝒍𝒊𝒐𝒔𝒐𝒔 : ✨\n> 💎%rndm_custom_1_×1,×2,×3%\n> 〽️%rndm_custom_1_×1,×2,×3%\n> 🪙%rndm_custom_1_×1,×2,×3%\n\n𝑶𝒃𝒋𝒆𝒕𝒐𝒔 𝒄𝒐𝒎𝒖𝒏𝒆𝒔 : \n> 🗑️%rndm_custom_1_×1,×2,×3,×4%\n> 🛒%rndm_custom_1_×1,×2,×3,×4%\n> 🚬%rndm_custom_1_×1,×2,×3,×4%\n\n𝑶𝒃𝒋𝒆𝒕𝒐𝒔 𝒓𝒂𝒓𝒐𝒔 :\n> 🗝️%rndm_custom_1_×1,×2,×3,×4,×5%\n> 🗡️%rndm_custom_1_×1,×2,×3,×4,×5%\n> 🗜️%rndm_custom_1_×1,×2,×3,×4,×5%\n\n*𝑽𝒖𝒆𝒍𝒗𝒆 𝒆𝒏 5 𝒎𝒊𝒏𝒖𝒕𝒐𝒔 ..*⏳","all","1","1","b","","","","","0","","","","","","","","minutes","5","0","","",,,,"1",,,,,,
"/cazar","none","*🀃 ᴳᴼᴷᵁ (𐫱) 𝙱 𝙻 𝙰 𝙲 𝙺 🀃 🜲* 🔥\n\n𝑯𝒆𝒚 _!%name%!_ \n𝒇𝒖𝒊𝒔𝒕𝒆 𝒂 𝒄𝒂𝒛𝒂𝒓 𝒂: 🏹💢\n%rndm_custom_1_𝑳𝒂 𝒔𝒆𝒍𝒗𝒂,𝑳𝒂 𝒔𝒊𝒆𝒓𝒓𝒂,𝑳𝒂 𝒑𝒖𝒏𝒂,𝑬𝒍 𝒅𝒆𝒄𝒊𝒆𝒓𝒕𝒐% \n𝒚 𝒄𝒐𝒏𝒔𝒆𝒈𝒖𝒊𝒔𝒕𝒆𝒔 🙀👇<#>*🀃 ᴳᴼᴷᵁ (𐫱) 𝙱 𝙻 𝙰 𝙲 𝙺 🀃 🜲* 🔥\n\n𝑨𝒏𝒊𝒎𝒂𝒍𝒆𝒔 𝒄𝒂𝒛𝒂𝒅𝒐𝒔:\n> %rndm_custom_1_🦁,🦌,🐂,🦇,🦔% ×1\n> %rndm_custom_1_🐂,🐷,🐏,🐸,🐍% ×1\n> %rndm_custom_1_🐐,🐁,🐰,🐿️,🐓% ×1\n\n𝑶𝒃𝒋𝒆𝒕𝒐𝒔 𝒄𝒐𝒎𝒖𝒏𝒆𝒔 : \n> 🪓𝒉𝒂𝒄𝒉𝒂 ×1\n> 🗑️𝒃𝒂𝒔𝒖𝒓𝒂 ×10\n> ⛓️𝒄𝒂𝒅𝒆𝒏𝒂 ×5\n\n𝑻𝒖 𝒔𝒂𝒍𝒖𝒅 𝒆𝒔  : \n> 🩸𝒔𝒂𝒍𝒖𝒅  *%rndm_custom_2_1,2,3,4,5,6,7,8,9,0%%*\n\n*𝑽𝒖𝒆𝒍𝒗𝒆 𝒆𝒏 5 𝒎𝒊𝒏𝒖𝒕𝒐𝒔...* ⏳","all","1","1","b","","","","","0","","","","","","","","minutes","5","0","","",,,,"1",,,,,,
"/minar","none","*🀃 ᴳᴼᴷᵁ (𐫱) 𝙱 𝙻 𝙰 𝙲 𝙺 🀃 🜲* 🔥\n\n𝑯𝒆𝒚 _!%name%!_ \n𝒎𝒊𝒏𝒂𝒔𝒕𝒆𝒔 🤩⛏️\n\n> *%rndm_custom_1_💎×10,〽️×2,💸×1000,💰×5,🪙×2%*\n\n*𝑽𝒖𝒆𝒍𝒗𝒆 𝒆𝒏 5 𝒎𝒊𝒏𝒖𝒕𝒐𝒔 ...* ⏳","single","","","b","","","","","0","","","","","","","","minutes","5","0","","",,,,"1",,,,,,
"/work// /trabajar","normal","*🀃 ᴳᴼᴷᵁ (𐫱) 𝙱 𝙻 𝙰 𝙲 𝙺 🀃 🜲* 🔥\n\n𝑯𝒐𝒐 _!%name%!_ \n𝒕𝒓𝒂𝒃𝒂𝒋𝒂𝒔𝒕𝒆𝒔 𝒅𝒆 : 👇\n%rndm_custom_1_𝐁𝐚𝐬𝐮𝐫𝐞𝐫𝐨 🗑️,𝐏𝐨𝐥𝐢𝐜𝐢𝐚 👮‍♂️,𝐋𝐚𝐯𝐚 𝐩𝐥𝐚𝐭𝐨𝐬 🧊,𝐂𝐡𝐨𝐟𝐞𝐫 🚕,𝐓𝐚𝐱𝐢𝐬𝐭𝐚 🚕,𝐅𝐮𝐭𝐛𝐨𝐥𝐢𝐬𝐭𝐚 🏃,𝐌𝐞𝐬𝐞𝐫𝐨 💁‍♂️,𝐀𝐛𝐨𝐠𝐚𝐝𝐨 👨‍⚖️,𝐏𝐫𝐞𝐬𝐢𝐝𝐞𝐧𝐭𝐞 👨‍⚖️,𝐑𝐚𝐭𝐞𝐫𝐨 🏃‍♂️,𝐁𝐨𝐦𝐛𝐞𝐫𝐨 👩‍🚒%\n𝒚 𝒓𝒆𝒄𝒊𝒃𝒆𝒔 𝒂 𝒄𝒂𝒎𝒃𝒊𝒐 :💰\n> 💸×%rndm_custom_5_1,2,3,4,5,6,7,8,9,0%\n\n*𝑽𝒖𝒍𝒆𝒗𝒆 𝒆𝒏 5 𝒎𝒊𝒏𝒖𝒕𝒐𝒔...* ⏳","single","","","b","","","","","0","","","","","","","","minutes","5","0","","",,,,"1",,,,,,
"/crimen","none","*🀃 ᴳᴼᴷᵁ (𐫱) 𝙱 𝙻 𝙰 𝙲 𝙺 🀃 🜲* 🔥\n\n_!%name%!_ 𝒂𝒔𝒂𝒍𝒕𝒐 \n𝒂𝒍 𝒖𝒔𝒖𝒂𝒓𝒊𝒐 : 🙀‼️\n%rndm_custom_1_𝐑𝐨𝐥𝐚𝐧𝐝𝐨,𝐑𝐨𝐝𝐫𝐢𝐠𝐨,𝐀𝐛𝐞𝐥,𝐀𝐥𝐞𝐣𝐚𝐧𝐝𝐫𝐨,𝐀𝐧𝐭𝐨𝐧𝐢𝐨,𝐃𝐢𝐞𝐠𝐨,𝐅𝐞𝐫𝐧𝐚𝐧𝐝𝐨,𝐋𝐢𝐬𝐚𝐧𝐝𝐫𝐨,𝐇𝐮𝐠𝐨,𝐏𝐚𝐭𝐫𝐢𝐜𝐢𝐨,𝐉𝐮𝐚𝐧,𝐃𝐚𝐧𝐢𝐞𝐥,𝐁𝐫𝐮𝐧𝐨,𝐏𝐞𝐫𝐜𝐲,𝐇𝐨𝐫𝐝𝐲,𝐋𝐮𝐢𝐬,𝐌𝐮𝐠𝐮𝐞𝐥,𝐒𝐞𝐛𝐚𝐬𝐭𝐢𝐚𝐧,𝐏𝐚𝐧𝐜𝐡𝐨% 🙎‍♂️\n\n𝑷𝒆𝒓𝒐 𝒆𝒔𝒕𝒂𝒃𝒂𝒔 𝒅𝒆 𝒎𝒂𝒍𝒂 𝒔𝒖𝒆𝒓𝒕𝒆 ❌\n𝒍𝒂 𝒑𝒐𝒍𝒊𝒄𝒊𝒂 𝒕𝒆𝒓𝒎𝒊𝒏𝒐 𝒂𝒕𝒓𝒂𝒑𝒂𝒏𝒅𝒐𝒕𝒆 👮‍♂️\n\n𝑷𝑬𝑹𝑫𝑰𝑺𝑻𝑬𝑺: 😿\n  💸×%rndm_custom_2_12,34,56,78,90%\n\n*𝑽𝒖𝒆𝒍𝒗𝒆 𝒆𝒏 5 𝒎𝒊𝒏𝒖𝒕𝒐𝒔...*<#>*🀃 ᴳᴼᴷᵁ (𐫱) 𝙱 𝙻 𝙰 𝙲 𝙺 🀃 🜲* 🔥\n\n_!%name%!_ 𝒂𝒔𝒂𝒍𝒕𝒐 \n𝒂𝒍 𝒖𝒔𝒖𝒂𝒓𝒊𝒐 : 🙀‼️\n%rndm_custom_1_𝐑𝐨𝐥𝐚𝐧𝐝𝐨,𝐑𝐨𝐝𝐫𝐢𝐠𝐨,𝐀𝐛𝐞𝐥,𝐀𝐥𝐞𝐣𝐚𝐧𝐝𝐫𝐨,𝐀𝐧𝐭𝐨𝐧𝐢𝐨,𝐃𝐢𝐞𝐠𝐨,𝐅𝐞𝐫𝐧𝐚𝐧𝐝𝐨,𝐋𝐢𝐬𝐚𝐧𝐝𝐫𝐨,𝐇𝐮𝐠𝐨,𝐏𝐚𝐭𝐫𝐢𝐜𝐢𝐨,𝐉𝐮𝐚𝐧,𝐃𝐚𝐧𝐢𝐞𝐥,𝐁𝐫𝐮𝐧𝐨,𝐏𝐞𝐫𝐜𝐲,𝐇𝐨𝐫𝐝𝐲,𝐋𝐮𝐢𝐬,𝐌𝐮𝐠𝐮𝐞𝐥,𝐒𝐞𝐛𝐚𝐬𝐭𝐢𝐚𝐧,𝐏𝐚𝐧𝐜𝐡𝐨% 🙎‍♂️\n\n𝑳𝒐𝒈𝒓𝒂𝒔𝒕𝒆 𝒆𝒔𝒄𝒂𝒑𝒂𝒓 𝒄𝒐𝒏 𝒆𝒙𝒊𝒕𝒐\n𝒚 𝒓𝒆𝒄𝒊𝒃𝒊𝒔𝒕𝒆𝒔 💰💸\n\n𝑹𝑬𝑪𝑰𝑩𝑬𝑺: 🙀💢\n  💎×%rndm_custom_2_1,2,3,4,5,6,7,8,9,0%\n\n*𝑽𝒖𝒆𝒍𝒗𝒆 𝒆𝒏 5 𝒎𝒊𝒏𝒖𝒕𝒐𝒔...*","random","","","b","","","","","0","","","","","","","","minutes","5","0","","",,,,"1",,,,,,
"/suerte","none","*🀃 ᴳᴼᴷᵁ (𐫱) 𝙱 𝙻 𝙰 𝙲 𝙺 🀃 🜲* 🔥\n\n𝑯𝒆𝒚 _!%name%!_ 🙀\n𝒆𝒔𝒕𝒂𝒔 𝒅𝒆 𝒔𝒖𝒆𝒓𝒕𝒆𝒆𝒆 _!!_ ‼️\n\n%rndm_custom_1_𝐓𝐞 𝐞𝐧𝐜𝐨𝐧𝐭𝐫𝐚𝐬𝐭𝐞 𝐝𝐢𝐧𝐞𝐫𝐨,𝐓𝐞 𝐞𝐧𝐜𝐨𝐧𝐭𝐫𝐚𝐬𝐭𝐞𝐬 𝐨𝐫𝐨,𝐆𝐚𝐧𝐚𝐬 𝐥𝐚 𝐥𝐨𝐭𝐞𝐫𝐢𝐚,𝐆𝐚𝐧𝐚𝐬 𝐥𝐚𝐬 𝐚𝐩𝐮𝐞𝐬𝐭𝐚𝐬,𝐑𝐞𝐜𝐢𝐛𝐞𝐬 𝐮𝐧𝐚 𝐝𝐨𝐧𝐚𝐜𝐢𝐨𝐧%\n\n𝐑𝐄𝐂𝐈𝐁𝐄𝐒 : \n%rndm_custom_1_💎,💰%×%rndm_custom_2_1,2,3,4,5,6,7,8,9,0%\n\n*𝑽𝒖𝒆𝒍𝒗𝒆 𝒆𝒏 5 𝒎𝒊𝒏𝒖𝒕𝒐𝒔...*","single","","","b","","","","","0","","","","","","","","minutes","5","0","","",,,,"1",,,,,,
"/minar2","none","*🀃 ᴳᴼᴷᵁ (𐫱) 𝙱 𝙻 𝙰 𝙲 𝙺 🀃 🜲* 🔥\n\n_!%name%!_  𝒇𝒖𝒊𝒔𝒕𝒆𝒔 𝒉𝒂\n𝒎𝒊𝒏𝒂𝒓 𝒚 𝒓𝒆𝒄𝒊𝒃𝒆𝒔 🤩✅\n\n💎×%rndm_custom_1_1,2,3,4,5,6,7,8,9,0% \n〽️×%rndm_custom_1_1,2,3,4,5,6,7,8,9,0%\n💰×%rndm_custom_1_1,2,3,4,5,6,7,8,9,0%\n\n*𝑽𝒖𝒆𝒍𝒗𝒆 𝒆𝒏 5 𝒎𝒊𝒏𝒖𝒕𝒐𝒔 ...* ⏳","single","","","b","","","","","0","","","","","","","","minutes","5","0","","",,,,"1",,,,,,
"/minar diamantes","none","*🀃 ᴳᴼᴷᵁ (𐫱) 𝙱 𝙻 𝙰 𝙲 𝙺 🀃 🜲* 🔥\n\n_!%name%!_ 𝒎𝒊𝒏𝒂𝒔𝒕𝒆𝒔 \n𝒍𝒂 𝒄𝒂𝒏𝒕𝒊𝒅𝒂𝒅 𝒅𝒆 : 🤯‼️\n\n💎×%rndm_custom_2_1,2,3,4,5,6,7,8,9,0% 𝒅𝒊𝒂𝒎𝒂𝒏𝒕𝒆𝒔 \n\n*𝑽𝒖𝒆𝒍𝒗𝒆 𝒆𝒏 5 𝒎𝒊𝒏𝒖𝒕𝒐𝒔 ...*","single","","","b","","","","","0","","","","","","","","minutes","5","0","","",,,,"1",,,,,,
"/minar exp","none","*🀃 ᴳᴼᴷᵁ (𐫱) 𝙱 𝙻 𝙰 𝙲 𝙺 🀃 🜲* 🔥\n\n_!%name%!_ 𝒎𝒊𝒏𝒂𝒔𝒕𝒆𝒔 :\n\n 💸×%rndm_custom_5_1,2,3,4,5,6,7,8,9,0%\n\n*𝑽𝒖𝒆𝒍𝒗𝒆 𝒆𝒏 5 𝒎𝒊𝒏𝒖𝒕𝒐𝒔...* ⏳","single","","","b","","","","","0","","","","","","","","minutes","5","0","","",,,,"1",,,,,,
"/minar exp// /minar diamantes // /trabajar// /work// /minar2// /suerte// /crimen// /cazar// /aventura","normal","*🀃 ᴳᴼᴷᵁ (𐫱) 𝙱 𝙻 𝙰 𝙲 𝙺 🀃 🜲* 🔥\n\n𝑯𝒆𝒚 _!%name%!_ 𝒕𝒖\n𝒚𝒂 𝒓𝒆𝒂𝒍𝒊𝒛𝒂𝒔𝒕𝒆𝒔 𝒍𝒂 𝒂𝒄𝒄𝒊𝒐𝒏 𝒅𝒆 💢\n*_%message%_*","single","","","b","","","2","2","0","","","","","","","","seconds","1","0","","",,,,"1",,,,,,
"/buy","none","*🀃 ᴳᴼᴷᵁ (𐫱) 𝙱 𝙻 𝙰 𝙲 𝙺 🀃 🜲* 🔥\n\n𝑯𝒐𝒍𝒂 😄 _!%name%!_ \n𝒃𝒊𝒆𝒏𝒗𝒆𝒏𝒊𝒅𝒐 𝒂 𝒍𝒂 𝒕𝒊𝒆𝒏𝒅𝒂 _!!_\n\n> *𝐓𝐈𝐄𝐍𝐃𝐀* 🛍️💰\n\n1✦  *𝑶𝒇𝒆𝒓𝒕𝒂𝒔* : 🤩🤑 \n> a 💎×10 𝐚 500𝐞𝐱𝐩 💸\n> b 💰×10 𝐚 500𝐞𝐱𝐩 💸\n> c 🪙×10 𝐚 500𝐞𝐱𝐩 💸\n\n2 ✦  *𝑶𝒃𝒋 𝑽𝒂𝒍𝒊𝒐𝒔𝒐𝒔* : ✨\n> a 💎×1 𝐚 100𝐞𝐱𝐩 💸\n> b 〽️×1 𝐚 100𝐞𝐱𝐩 💸\n> c 🪙×1 𝐚 100𝐞𝐱𝐩 💸\n> d ⭐×1 𝐚 100𝐞𝐱𝐩 💸\n> e 💰×1 𝐚 100𝐞𝐱𝐩 💸\n\n3 ✦ *𝑶𝒃𝒋 𝑪𝒐𝒎𝒖𝒏𝒆𝒔* : 💴📍\n> a 🗑️×1 𝐚 20𝐞𝐱𝐩 💸\n> b 🔗×1 𝐚 20𝐞𝐱𝐩 💸\n> c 🚬×1 𝐚 20𝐞𝐱𝐩 💸\n> d 🛒×1 𝐚 20𝐞𝐱𝐩 💸\n> e 🧻×1 𝐚 20𝐞𝐱𝐩 💸\n> f  💊×1 𝐚 20𝐞𝐱𝐩 💸\n\n𝑪𝒐𝒎𝒑𝒓𝒂 𝒖𝒏 𝒐𝒃𝒋𝒆𝒕𝒐 𝒂𝒔𝒊 : 😺\n*/buy.1.a* para 💎(ejemplo)\n*/buy.2.c* para 🪙(ejemplo) \n*/buy.3.a* para 🗑️(ejemplo)\n\n𝐋𝐚 𝐭𝐢𝐞𝐧𝐝𝐚 𝐜𝐢𝐞𝐫𝐫𝐚 𝐞𝐧 5 𝐦𝐢𝐧𝐮𝐭𝐨𝐬","single","","","b","","","","","0","","","","","","","","minutes","5","0","","",,,,"1",,,,,,
"/buy.1.*//a//b//c","normal","*🀃 ᴳᴼᴷᵁ (𐫱) 𝙱 𝙻 𝙰 𝙲 𝙺 🀃 🜲* 🔥\n\n_!%name%!_ 𝒕𝒖\n𝒄𝒐𝒎𝒑𝒓𝒂 𝒇𝒖𝒆 𝒆𝒙𝒊𝒕𝒐𝒔𝒂 ✅\n\n𝑷𝒓𝒐𝒅𝒖𝒄𝒕𝒐 𝒄𝒐𝒎𝒑𝒓𝒂𝒅𝒐 :\n*%message%* \n\n𝑪𝒂𝒏𝒕𝒊𝒅𝒂𝒅 : 🔢\n> ×10\n𝑪𝒂𝒕𝒆𝒈𝒐𝒓𝒊𝒂: 😄\n*𝑶𝒇𝒆𝒓𝒕𝒂𝒔* 🤩🤑\n\n𝑮𝒂𝒔𝒕𝒐𝒔 : 💸\n500 𝐞𝐱𝐩 💸","single","","","b","","","","","0","","","","","","","","seconds","1","0","80","",,,,"1",,,,,,
"/buy.2*//a//b//c//d//e","normal","*🀃 ᴳᴼᴷᵁ (𐫱) 𝙱 𝙻 𝙰 𝙲 𝙺 🀃 🜲* 🔥\n\n_!%name%!_ 𝒕𝒖\n𝒄𝒐𝒎𝒑𝒓𝒂 𝒇𝒖𝒆 𝒆𝒙𝒊𝒕𝒐𝒔𝒂 ✅\n\n𝑷𝒓𝒐𝒅𝒖𝒄𝒕𝒐 𝒄𝒐𝒎𝒑𝒓𝒂𝒅𝒐 :\n*%message%* \n𝑪𝒂𝒏𝒕𝒊𝒅𝒂𝒅 : 🔢\n> ×1\n𝑪𝒂𝒕𝒆𝒈𝒐𝒓𝒊𝒂: 😄\n*𝑶𝒃𝒋 𝑽𝒂𝒍𝒊𝒐𝒔𝒐𝒔* ✨\n\n𝑮𝒂𝒔𝒕𝒐𝒔 : 💸\n100 𝐞𝐱𝐩 💸","single","","","b","","","","","0","","","","","","","","seconds","1","0","80","",,,,"1",,,,,,
"/buy.3.*//a//b//c//d//e//f","normal","*🀃 ᴳᴼᴷᵁ (𐫱) 𝙱 𝙻 𝙰 𝙲 𝙺 🀃 🜲* 🔥\n\n_!%name%!_ 𝒕𝒖\n𝒄𝒐𝒎𝒑𝒓𝒂 𝒇𝒖𝒆 𝒆𝒙𝒊𝒕𝒐𝒔𝒂 ✅\n\n𝑷𝒓𝒐𝒅𝒖𝒄𝒕𝒐 𝒄𝒐𝒎𝒑𝒓𝒂𝒅𝒐 :\n*%message%* \n𝑪𝒂𝒏𝒕𝒊𝒅𝒂𝒅 : 🔢\n> ×1\n𝑪𝒂𝒕𝒆𝒈𝒐𝒓𝒊𝒂: 😄\n*𝑶𝒃𝒋 𝑪𝒐𝒎𝒖𝒏𝒆𝒔* 🗑️📇\n\n𝑮𝒂𝒔𝒕𝒐𝒔 : 💸\n20 𝐞𝐱𝐩 💸","single","","","b","","","","","0","","","","","","","","seconds","1","0","80","",,,,"1",,,,,,
"/bank","none","*🀃 ᴳᴼᴷᵁ (𐫱) 𝙱 𝙻 𝙰 𝙲 𝙺 🀃 🜲* 🔥\n\n𝑯𝒆𝒚 _!%name%!_ \n𝒎𝒊𝒓𝒂 𝒕𝒖𝒔 𝒕𝒆𝒔𝒐𝒓𝒐𝒔 𝒒𝒖𝒆 𝒉𝒂𝒔\n𝒈𝒖𝒂𝒓𝒅𝒂𝒅𝒐 𝒆𝒏 𝒆𝒍 𝒃𝒂𝒏𝒌𝒐 ‼️\n\n𝑪𝒂𝒏𝒕𝒊𝒅𝒂𝒅 𝒈𝒖𝒂𝒓𝒅𝒂𝒅𝒂 : \n 💎%rndm_custom_2_1,2,3,4,5,6,7,8,9,0%\n 💰%rndm_custom_2_1,2,3,4,5,6,7,8,9,0%\n 〽️%rndm_custom_2_1,2,3,4,5,6,7,8,9,0%\n 🪙%rndm_custom_2_1,2,3,4,5,6,7,8,9,0%\n\n*𝐑𝐞𝐠𝐫𝐞𝐬𝐚 𝐚𝐥 𝐛𝐚𝐧𝐤𝐨 𝐞𝐧*\n*1 𝐦𝐢𝐧𝐮𝐭𝐨 ...* ‼️⏳","single","","","b","","","","","0","","","","","","","","minutes","1","0","","",,,,"1",,,,,,
"/dayli","none","*🀃 ᴳᴼᴷᵁ (𐫱) 𝙱 𝙻 𝙰 𝙲 𝙺 🀃 🜲* 🔥\n\n𝑯𝒆𝒚 _!%name%!_\n𝒕𝒖 𝒓𝒆𝒄𝒐𝒎𝒑𝒆𝒏𝒔𝒂 𝒅𝒊𝒂𝒓𝒊𝒂 𝒆𝒔:🎉\n\n☆ ▭▬▭🎊▭▬▭(≧▽≦)\n▮💎×%rndm_custom_1_1,2,3,4,5,6,7,8,9,0%\n▯💰×%rndm_custom_1_1,2,3,4,5,6,7,8,9,0%\n▮〽️×%rndm_custom_1_1,2,3,4,5,6,7,8,9,0%\n▯🪙×%rndm_custom_1_1,2,3,4,5,6,7,8,9,0%\n▮💸×%rndm_custom_1_1,2,3,4,5,6,7,8,9,0%\n☆ ▭▬▭🎊▭▬▭(≧▽≦)\n\n𝐅𝐄𝐋𝐈𝐂𝐈𝐃𝐀𝐃𝐄𝐒 🎉✅\n\n𝐕𝐮𝐞𝐥𝐯𝐞 𝐦𝐚𝐧̃𝐚𝐧𝐚 ... ⏳","single","","","b","","","","","0","","","","","","","","days","1","0","","",,,,"1",,,,,,
"/claim","none","*🀃 ᴳᴼᴷᵁ (𐫱) 𝙱 𝙻 𝙰 𝙲 𝙺 🀃 🜲* 🔥\n\n𝑯𝒆𝒚 _!%name%!_\n𝒓𝒆𝒄𝒍𝒂𝒎𝒂𝒔𝒕𝒆𝒔 𝒕𝒖𝒔 𝒃𝒊𝒆𝒏𝒆𝒔 :🎉\n\n☆ ▭▬▭🎊▭▬▭(≧▽≦)\n▮💎×%rndm_custom_1_1,2,3,4,5,6,7,8,9,0%\n▯💰×%rndm_custom_1_1,2,3,4,5,6,7,8,9,0%\n▮〽️×%rndm_custom_1_1,2,3,4,5,6,7,8,9,0%\n▯🪙×%rndm_custom_1_1,2,3,4,5,6,7,8,9,0%\n▮💸×%rndm_custom_1_1,2,3,4,5,6,7,8,9,0%\n☆ ▭▬▭🎊▭▬▭(≧▽≦)\n\n𝐅𝐄𝐋𝐈𝐂𝐈𝐃𝐀𝐃𝐄𝐒 🎉✅\n\n𝐕𝐮𝐞𝐥𝐯𝐞 𝐦𝐚𝐧̃𝐚𝐧𝐚 ... ⏳","single","","","b","","","","","0","","","","","","","","days","1","0","","",,,,"1",,,,,,
"/cofre","expert","*🀃 ᴳᴼᴷᵁ (𐫱) 𝙱 𝙻 𝙰 𝙲 𝙺 🀃 🜲* 🔥\n\n𝑯𝒆𝒚 _!%name%!_\n𝒂𝒃𝒓𝒊𝒔𝒕𝒆 𝒆𝒍 𝒄𝒐𝒇𝒓𝒆 𝒚 𝒐𝒃𝒕𝒊𝒆𝒏𝒆𝒔‼️\n\n💸×%rndm_custom_5_1,2,3,4,5,6,7,8,9,0%\n💰×%rndm_custom_1_1,2,3,4,5,6,7,8,9,0%\n💎×%rndm_custom_1_1,2,3,4,5,6,7,8,9,0%\n〽️×%rndm_custom_1_1,2,3,4,5,6,7,8,9,0%\n\n𝐅𝐄𝐋𝐈𝐂𝐈𝐃𝐀𝐃𝐄𝐒 🎉✅\n\n𝐕𝐮𝐞𝐥𝐯𝐞 𝐞𝐧 10 𝐦𝐢𝐧𝐮𝐭𝐨𝐬 ... ⏳","single","","","b","","","","","0","","","","","","","","minutes","10","0","","",,,,"1",,,,,,
"/regalo","none","*🀃 ᴳᴼᴷᵁ (𐫱) 𝙱 𝙻 𝙰 𝙲 𝙺 🀃 🜲* 🔥\n\n𝑯𝒆𝒚 _!%name%!_\n𝒆𝒍 𝒃𝒐𝒕 𝒕𝒆 𝒓𝒆𝒈𝒂𝒍𝒐 🥳\n\n💸×%rndm_custom_5_1,2,3,4,5,6,7,8,9,0%\n💰×%rndm_custom_2_1,2,3%\n💎×%rndm_custom_2_1,2,3%\n〽️×%rndm_custom_2_1,2,3%\n\n𝐅𝐄𝐋𝐈𝐂𝐈𝐃𝐀𝐃𝐄𝐒 🎉✅\n\n𝐕𝐮𝐞𝐥𝐯𝐞 𝐞𝐧 10 𝐦𝐢𝐧𝐮𝐭𝐨𝐬 ... ⏳","single","","","b","","","","","0","","","","","","","","minutes","10","0","","",,,,"1",,,,,,
"/dayli// /claim// /cofre// /regalo// /girar la ruleta","normal","*🀃 ᴳᴼᴷᵁ (𐫱) 𝙱 𝙻 𝙰 𝙲 𝙺 🀃 🜲* 🔥\n\n𝑯𝒆𝒚 _!%name%!_\n𝒕𝒖 𝒚𝒂 𝒓𝒆𝒄𝒍𝒂𝒎𝒂𝒔𝒕𝒆𝒔 : ❌\n✦ *_%message%_* ✦","single","","","b","","","","","0","","","","","","","","seconds","1","0","","",,,,"1",,,,,,
"/depositar","none","*🀃 ᴳᴼᴷᵁ (𐫱) 𝙱 𝙻 𝙰 𝙲 𝙺 🀃 🜲* 🔥\n\n𝑯𝒆𝒚 _!%name%!_\n𝒔𝒆 𝒅𝒆𝒑𝒐𝒔𝒊𝒕𝒂𝒓𝒐𝒏 𝒕𝒐𝒅𝒐𝒔 𝒕𝒖𝒔 \n𝒃𝒊𝒆𝒏𝒆𝒔 𝒆𝒏 𝒆𝒍 𝒃𝒂𝒏𝒌𝒐 ‼️\n\n𝑵𝒂𝒅𝒊𝒆 𝒕𝒆 𝒍𝒐𝒔 𝒓𝒐𝒃𝒂𝒓𝒂 ✅\n\n𝐕𝐮𝐞𝐥𝐯𝐞 𝐞𝐧 10 𝐬𝐞𝐠𝐮𝐧𝐝𝐨𝐬","single","","","b","","","","","0","","","","","","","","seconds","10","0","","",,,,"1",,,,,,
"/retirar","none","*🀃 ᴳᴼᴷᵁ (𐫱) 𝙱 𝙻 𝙰 𝙲 𝙺 🀃 🜲* 🔥\n\n𝑯𝒆𝒚 _!%name%!_\n𝒓𝒆𝒕𝒊𝒓𝒂𝒔𝒕𝒆𝒔 𝒕𝒐𝒅𝒐𝒔 𝒕𝒖𝒔 \n𝒃𝒊𝒆𝒏𝒆𝒔 𝒅𝒆𝒍 𝒃𝒂𝒏𝒌𝒐 ‼️\n\n𝑨𝒍𝒈𝒖𝒊𝒆𝒏 𝒑𝒐𝒅𝒓𝒊𝒂 𝒓𝒐𝒃𝒂𝒓𝒕𝒆 ⚠️\n\n𝐕𝐮𝐞𝐥𝐯𝐞 𝐞𝐧 10 𝐬𝐞𝐠𝐮𝐧𝐝𝐨𝐬","single","","","b","","","","","0","","","","","","","","seconds","10","0","","",,,,"1",,,,,,
"/inventario","none","*🀃 ᴳᴼᴷᵁ (𐫱) 𝙱 𝙻 𝙰 𝙲 𝙺 🀃 🜲* 🔥\n\n> 𝐈𝐍𝐕𝐄𝐍𝐓𝐀𝐑𝐈𝐎 : ‼️\n𝑰𝒕𝒆𝒎𝒔 𝒅𝒆 : %name%\n\n𝒕𝒐𝒑 : _<>_\n\n𝐃𝐢𝐚𝐦𝐚𝐧𝐭𝐞𝐬 : ✨\n💎×9\n\n𝐓𝐨𝐤𝐞𝐧𝐬 : ✨\n💰×15\n\n𝐂𝐨𝐢𝐧𝐬 : ✨\n🪙×5\n\n𝐁𝐚𝐫𝐫𝐚𝐬 𝐝𝐞 𝐨𝐫𝐨 : ✨\n〽️×12\n\n𝐄𝐱𝐩𝐞𝐫𝐢𝐞𝐧𝐜𝐢𝐚 : ✨\n💸×257","single","","","b","","","","","0","","","","","","","","seconds","1","0","","",,,,"1",,,,,,
"/apk (.*)","expert","*🀃 ᴳᴼᴷᵁ (𐫱) 𝙱 𝙻 𝙰 𝙲 𝙺 🀃 🜲* 🔥\n\n𝑯𝒐𝒍𝒂 _!%name%!_ 💮\n𝒔𝒆 𝒆𝒔𝒕𝒂 𝒅𝒆𝒔𝒄𝒂𝒓𝒈𝒂𝒏𝒅𝒐 𝒔𝒖 𝒂𝒑𝒌:\n\n𝐍𝐨𝐦𝐛𝐫𝐞 𝐝𝐞𝐥 𝐚𝐩𝐤 : 💬\n`%capturing_group_1%`\n\n𝐏𝐞𝐬𝐨 / 𝐌𝐁 / 𝐆𝐁 : 🛑\n`%rndm_num_1_100% MB`\n\n𝐀𝐪𝐮𝐢 𝐚𝐛𝐚𝐣𝐨 𝐬𝐮 𝐚𝐩𝐤 : 😄👇<#>*🀃 ᴳᴼᴷᵁ (𐫱) 𝙱 𝙻 𝙰 𝙲 𝙺 🀃 🜲* 🔥\n\n📄  %capturing_group_1%          ͟𖦝̱ ̱\n            %rndm_num_1_100% MB","all","3","3","b","","","","","0","","","","","","","","seconds","1","0","","",,,,"1",,,"1",,,
"/play (.*)","expert","*🀃 ᴳᴼᴷᵁ (𐫱) 𝙱 𝙻 𝙰 𝙲 𝙺 🀃 🜲* 🔥\n\n𝑯𝒆𝒚 _!%name%!_ 𝒔𝒆 \n𝒆𝒔𝒕𝒂 𝒅𝒆𝒔𝒄𝒂𝒓𝒈𝒂𝒏𝒅𝒐 𝒔𝒖 𝒎𝒖𝒔𝒊𝒄𝒂!!\n\n*𝐈𝐍𝐅𝐎𝐑𝐌𝐀𝐂𝐈𝐎𝐍 :* 📡\n\n •  ▭▬▭▬▭▬▭▬▭▬▭▬☆\n▮𝐍𝐨𝐦𝐛𝐫𝐞: 🎧🔖\n▯%capturing_group_1%\n▮𝐀𝐮𝐭𝐨𝐫(𝐚) : 💆‍♂️🌠\n▯desconocido\n▮𝐓𝐚𝐦𝐚𝐧̃𝐨 : 🚀🛰️\n▯%rndm_num_1_10% mb\n▮𝐏𝐮𝐛𝐥𝐢𝐜𝐚𝐝𝐨 𝐞𝐧 :\n▯%rndm_custom_1_3 year ago,5 year ago,undefined%\n▮\n▯𝐋𝐢𝐧𝐤 : \n\nMeta : (link)\nhttps://wa.me/+1(313)5550002?text=https://%capturing_group_1_url_encoded%\n • ▭▬▭▬▭▬▭▬▭▬▭▬☆<#>*🀃 ᴳᴼᴷᵁ (𐫱) 𝙱 𝙻 𝙰 𝙲 𝙺 🀃 🜲* 🔥\n\n꒰੭  𐧶  𝐍𝑜 𝐒𝑒 𝑷𝒓𝒐𝒄𝒆𝒔𝒐 ⚠️  𐧶  ꒰੭\n\n︶⏝︶ㅤ֪ㅤ︶⏝︶ㅤ֪ㅤ\n\n──  @%name%\n*Tu pedido no se* \n*proceso debido a que*\n*el link que lo contiene*\n*se ha roto* ‼️\n\n-- *𝖢𝗈𝖣𝖾*  🔰\n```error/node.js.%message%```\n\n*Comenta este bot con:* 👇\n\n 💗           💭             🔁\n ᥣіkᥱ      ᥴ᥆mᥱᥒ𝗍       sһᥲrᥱ","all","3","3","b","","","","","0","","","","","","","","seconds","1","0","","",,,,"1",,,"1",,,
"/imagen (.*)","expert","*🀃 ᴳᴼᴷᵁ (𐫱) 𝙱 𝙻 𝙰 𝙲 𝙺 🀃 🜲* 🔥\n\nㅤ ㅤಎㅤ 🌼 𝖎 𝖒 𝖆 𝖌 𝖊 𝖓 𝖊 𝖘 🌼ㅤඉᩧ\n\nજ͜͡જ͜͡જ͜͡ ɴᴏᴍʙʀᴇ ᴅᴇ ʟᴀ ɪᴍᴀɢᴇɴ : 🌱\n• *%capturing_group_1%*\n\n︶͜︶͜︶꒰͜͡  𝐔𝐬𝐮𝐚𝐫𝐢𝐨  ͜͡꒱︶͜︶͜︶\n• *%name%*\n\nsᴇ ᴇsᴛᴀ ᴇɴᴠɪᴀɴᴅᴏ ʟᴀ \nɪᴍᴀɢᴇɴ, ᴇsᴘᴇʀᴇ😺‼️ㅤ\nㅤㅤㅤㅤㅤㅤㅤㅤ<#>*🀃 ᴳᴼᴷᵁ (𐫱) 𝙱 𝙻 𝙰 𝙲 𝙺 🀃 🜲* 🔥\n\n❌⃞១  ```ERROR``` ❌⃞១  \n\n*%name%* 𝐧𝐨 𝐬𝐞 \n𝐩𝐫𝐨𝐜𝐞𝐬𝐨 𝐬𝐮 𝐩𝐞𝐝𝐢𝐝𝐨<#>*🀃 ᴳᴼᴷᵁ (𐫱) 𝙱 𝙻 𝙰 𝙲 𝙺 🀃 🜲* 🔥\n\n𝐔𝐬𝐞 𝐞𝐥 𝐬𝐢𝐠𝐮𝐢𝐞𝐧𝐭𝐞 𝐞𝐧𝐥𝐚𝐜𝐞 𝐩𝐚𝐫𝐚 \n𝐩𝐞𝐝𝐢𝐫 𝐬𝐮 𝐩𝐞𝐝𝐢𝐝𝐨 🌟\n\nhttps://wa.me/+1(313)555-0002?text=/imagine+%capturing_group_1_url_encoded%","all","3","3","b","","","","","0","","","","","","","","seconds","1","0","","",,,,"1",,,"1",,,
"/tiktok (.*)","expert","*🀃 ᴳᴼᴷᵁ (𐫱) 𝙱 𝙻 𝙰 𝙲 𝙺 🀃 🜲* 🔥\n\nִ      ㅤ͙ㅤ   ׁㅤ  ִㅤ⋱ㅤ ᮫    ⁝ㅤ᮫  ㅤ⋰ㅤ  ִㅤ  ׁㅤ  ͙  \n       .    | ͜͝  ࡙፝֟  ͜͝ || ͜͝  ࡙፝֟  ͜͝ |ㅤTik Tokㅤ| ͜͝  ࡙፝֟  ͜͝ || ͜͝  ࡙፝֟  ͜͝ |    .\n\n\n* ✿ ֔  ♡⃞🚫 : 𝐋𝐨 𝐬𝐞𝐧𝐭𝐢𝐦𝐨𝐬 : (\n* ✿ ֔  ♡⃞🔱 : 𝐨𝐜𝐮𝐫𝐫𝐢𝐨 𝐮𝐧 𝐞𝐫𝐫𝐨𝐫\n* ✿ ֔  ♡⃞🚫 : 𝐨 𝐞𝐥 𝐛𝐨𝐭 𝐧𝐨 𝐭𝐢𝐞𝐧𝐞 \n* ✿ ֔  ♡⃞🔱 : 𝐜𝐨𝐧𝐞𝐱𝐢𝐨𝐧 𝐚 𝐮𝐧𝐚\n* ✿ ֔  ♡⃞🚫 : 𝐟𝐮𝐞𝐧𝐭𝐞 𝐝𝐞 𝐢𝐧𝐭𝐞𝐫𝐧𝐞𝐭\nᩥ  \n*No sé encontró :*\n*%capturing_group_1%*\n                  𑈜| ͜͝⩃̫۪۪۪֟፝᷼⩃͜͝ |ᅟꉹꠥ۪۪۪፝֟͡🦢۪۪۪፝֟۫͡ꉹꠥㅤ| ͜͝⩃̫۪۪۪֟፝᷼⩃͜͝ |ᰫ","single","","","b","","","","","0","","","","","","","","seconds","1","0","","",,,,"1",,,"1",,,
"/bots","none","*🀃 ᴳᴼᴷᵁ (𐫱) 𝙱 𝙻 𝙰 𝙲 𝙺 🀃 🜲* 🔥\n\n𝐁𝐨𝐭 𝐩𝐫𝐢𝐧𝐜𝐢𝐩𝐚𝐥 : 🤖✅\n*(activo)*\n\n𝐒𝐮𝐛𝐛𝐨𝐭𝐬 𝐜𝐨𝐧𝐞𝐜𝐭𝐚𝐝𝐨𝐬 : 🤖⚠️\n*☆ (0) subbots*\n\n𝐐𝐮𝐢𝐞𝐫𝐞𝐬 𝐬𝐞𝐫 𝐬𝐮𝐛𝐛𝐨𝐭 ? \nDale click al enlace de abajo\n*""no nesecitas de internet""* 👇\n\n```https://wa.me/+51913444298?text=⚠️quiero+ser+un+subbot+del+bot:+🀃+ᴳᴼᴷᵁ+(𐫱)+𝙱+𝙻+𝙰+𝙲+𝙺+🀃+🜲+🔥```","single","","","b","","","","","0","","","","","","","","seconds","1","0","","",,,,"1",,,,,,
"/ping","none","*🀃 ᴳᴼᴷᵁ (𐫱) 𝙱 𝙻 𝙰 𝙲 𝙺 🀃 🜲* 🔥\n\n𝑽𝒆𝒍𝒐𝒄𝒊𝒅𝒂𝒅 𝒅𝒆𝒍 𝒃𝒐𝒕 _(𝐭𝐞𝐬𝐭)_ ⚡\n\n ヘ͜͡ヘ͜͡ヘ͜͡ヘ꒰͜͡   𝙿𝙾𝙽𝙶 !!  ͜͡꒱ヘ͜͡ヘ͜͡ヘ͜͡ヘ\n\n𝐕𝐞𝐥𝐨𝐜𝐢𝐝𝐚𝐝 : 🌩️\n*%processing_time%* 𝒎𝒔\n\n𝐕𝐞𝐥𝐨𝐜𝐢𝐝𝐚𝐝 𝐭𝐨𝐭𝐚𝐥 : ☄️\n*%processing_time%.1005* 𝒎𝒔","single","","","b","","","","","0","","","","","","","","seconds","1","0","","",,,,"1",,,,,,
"/estado","none","*🀃 ᴳᴼᴷᵁ (𐫱) 𝙱 𝙻 𝙰 𝙲 𝙺 🀃 🜲* 🔥\n\n*𝐄 𝐒 𝐓 𝐀 𝐃 𝐎   𝐃𝐄𝐋   𝐁 𝐎 𝐓*\n\n𝐕𝐞𝐥𝐨𝐜𝐢𝐝𝐚𝐝 : 🌬️\n*%processing_time%.1005* 𝒎𝒔\n\n𝐀𝐜𝐭𝐢𝐯𝐢𝐝𝐚𝐝 : ⏰\n%countdown_1735707600%\n\n𝐌𝐨𝐝𝐨 : ✅\n*Público - uso total*\n\n𝐄𝐬𝐭𝐚𝐝𝐨 : 🔰\n*Aceptable*","single","","","b","","","","","0","","","","","","","","seconds","1","0","","",,,,"1",,,,,,
"/infobot","none","*🀃 ᴳᴼᴷᵁ (𐫱) 𝙱 𝙻 𝙰 𝙲 𝙺 🀃 🜲* 🔥\n\n९🪻᭄̫ ׅ  ֺ    `%name%`    ׅ⩁፝◌⃘ ֺ\n    ׄㅤׅ𐔌ׄㅤׅ 𝗜𝗻𝗳𝗼 𝗕𝗼𝘁 ┃   ׁ   🔖 . ◌\n\n━━━━━━━━━━━━━━━━━\n*Ｃｒｅａｄｏｒ* 👑\n━━۞━━━━━━━━━━━━━━\n🔱┃ *Nombre:* 👑\n🔱┃ `ᶻˣᴄʟɪɴᴛᴏɴ`\n🔱┃ *Numero:* 💻\n🔱┃+51913444298\n━━۞━━━━━━━━━━━━━━\n*Ｐｒｏｙｅｃｔｏｓ* 🌠\n━━۞━━━━━━━━━━━━━━\n👾┃ *ZenitzukiBot*\n👾┃ *KillerBot*\n👾┃ *ValkoBot*\n👾┃ *KillnetboxBot*\n👾┃ *YugiBot*\n👾┃ *YunikoBot*\n👾┃ *GokuBlackBot* ✅\n━━۞━━━━━━━━━━━━━━\n*ＩｎｆｏＢｏｔ* ⚜️\n━━۞━━━━━━━━━━━━━━\n🤖┃ *NombreBot:* \n🤖┃ *🀃 ᴳᴼᴷᵁ (𐫱) 𝙱 𝙻 𝙰 𝙲 𝙺 🀃 🜲* 🔥\n🤖┃ *Version:*\n🤖┃ | 0.90.40 |\n🤖┃ *Modo:*\n🤖┃ Público \n🤖┃ *Prefijo:*\n🤖┃ [ / ]\n━━۞━━━━━━━━━━━━━━","single","","","b","","","","","0","","","","","","","","seconds","0","0","","",,,,,,,,,,
"/runtime","none","*🀃 ᴳᴼᴷᵁ (𐫱) 𝙱 𝙻 𝙰 𝙲 𝙺 🀃 🜲* 🔥\n\n⏰━━━━ 𝐓𝐈𝐄𝐌𝐏𝐎 ━━━━━⏰\n*| Actividad:* ⏳\n*| %countdown_1735707600%*\n⏰━━━━ 𝐓𝐈𝐄𝐌𝐏𝐎 ━━━━━⏰","single","","","b","","","","","0","","","","","","","","seconds","1","0","","",,,,"1",,,,,,
"/bot (.*)","expert","*🀃 ᴳᴼᴷᵁ (𐫱) 𝙱 𝙻 𝙰 𝙲 𝙺 🀃 🜲* 🔥\n\n𝑯𝒆𝒚 _!%name%!_ \n𝒆𝒍 𝒃𝒐𝒕 𝒕𝒆 𝒓𝒆𝒔𝒑𝒐𝒏𝒅𝒊𝒐 𝒉𝒂 : 💭\n☆ *_%capturing_group_1%_* ☆\n\n𝐑𝐞𝐬𝐩𝐮𝐞𝐬𝐭𝐚 𝐝𝐞𝐥 𝐛𝐨𝐭 : 💬😺\n\n*%rndm_custom_1_Hola, ¿Cómo estás?, Bien, Mal, Tal vez, Sí, No, Quizás, Por supuesto, Claro, De acuerdo, Entendido, ¡Genial!, Interesante, ¡Haha!, Jajaja, ¡Vale!, Ok, Entiendo, No entiendo, ¿Por qué?, ¿Cómo?, ¿Cuándo?, ¿Dónde?, ¿Quién?, Me alegra, Me duele, Me encanta, Me gusta, No me gusta, Lo siento, Disculpa, Gracias, De nada, Por favor, ¡Hasta luego!, ¡Adiós!, ¡Buenos días!, ¡Buenas tardes!, ¡Buenas noches!, ¡Buena suerte!, ¡Buena idea!, No estoy seguro, No estoy segura, Estoy de acuerdo, No estoy de acuerdo, Me parece bien, No me parece bien, Estoy cansado, Estoy cansada, Estoy feliz, Estoy triste, Estoy emocionado, Estoy emocionada, Me encantaría, No me encantaría, Me gustaría, No me gustaría, Me parece interesante, No me parece interesante, Estoy de acuerdo contigo, No estoy de acuerdo contigo, Me parece raro, No me parece raro, Estoy confundido, Estoy confundida, Me parece divertido, No me parece divertido, Estoy aburrido, Estoy aburrida, Me parece emocionante, No me parece emocionante, Estoy cansado de, Estoy cansada de, Me encantaría saber, No me encantaría saber, Me gustaría saber, No me gustaría saber, Me parece útil, No me parece útil, Estoy contento, Estoy contenta, Me parece genial, No me parece genial, Estoy entusiasmado, Estoy entusiasmada, Me parece increíble, No me parece increíble, Estoy impresionado, Estoy impresionada, Me parece interesante, No me parece interesante, Estoy motivado, Estoy motivada, Me parece útil, No me parece útil, Estoy nervioso, Estoy nerviosa, Me parece bien, No me parece bien, Estoy ocupado, Estoy ocupada, Me parece raro, No me parece raro, Estoy relajado, Estoy relajada, Me parece divertido, No me parece divertido, Estoy en eso eso,Siii,Noooo,Puede,Aya,Hoooo,Jaja,XD,¡Vamos!, ¡Dale!, ¡Genial!, ¡Excelente!, ¡Lo estoy deseando!, ¡Me encanta!, ¡Me parece increíble!, ¡No me lo creo!, ¡Eso es genial!, ¡Me parece divertido!, ¡Vale, ¡De acuerdo!, ¡Por supuesto!, ¡Claro que sí!, ¡No hay problema!, ¡Me parece bien!, ¡Estoy de acuerdo!, ¡Me gustaría!, ¡Me encantaría!, ¡Puedes contar conmigo!, ¡Estoy emocionado!, ¡Estoy emocionada!, ¡Me parece emocionante!, ¡Vamos a hacerlo!, ¡Demos el primer paso!, ¡Comencemos!, ¡Vamos a empezar!, ¡Me parece una buena idea!, ¡Estoy de acuerdo contigo!, ¡Me parece razonable!, ¡Me parece justo!, ¡Me parece bien!, ¡No hay problema!, ¡Puedes confiar en mí!, ¡Estoy aquí para ayudarte!, ¡No dudes en preguntar!, ¡Estoy aquí para ti!, ¡Me parece divertido!, ¡Vamos a pasarlo bien!, ¡Me parece emocionante!, ¡Vamos a disfrutar!, ¡Me parece una gran oportunidad!, ¡No la desaprovechemos!%*\n\n𝐀𝐥𝐠𝐮𝐧𝐚𝐬 𝐫𝐞𝐬𝐩𝐮𝐞𝐬𝐭𝐚𝐬 𝐩𝐮𝐞𝐝𝐞𝐧\n𝐬𝐞𝐫 𝐢𝐧𝐚𝐩𝐫𝐨𝐩𝐢𝐚𝐝𝐚𝐬 🛑‼️","single","","","b","","","","","0","","","","","","","","seconds","1","0","","",,,,"1",,,,,,
"/baterybot","none","*🀃 ᴳᴼᴷᵁ (𐫱) 𝙱 𝙻 𝙰 𝙲 𝙺 🀃 🜲* 🔥\n\n𝐄𝐥 𝐛𝐨𝐭 𝐞𝐬𝐭𝐚 𝐞𝐧 : 🔋♻️\n\n┏━━━━━━━━━━━┓\n┃▒▒▒▒▒▒▒▒▒▒▒┗┓\n┃▒▒▒▒ *%battery%%* ▒▒▒▒▒\n┃▒▒▒▒▒▒▒▒▒▒▒┏┛\n┗━━━━━━━━━━━┛\n\n𝐍𝐨 𝐮𝐬𝐞 𝐞𝐬𝐭𝐞 𝐛𝐨𝐭 𝐜𝐮𝐚𝐧𝐝𝐨\n𝐞𝐬𝐭𝐞 𝐦𝐞𝐧𝐨𝐬 𝐝𝐞 20% ‼️","single","","","b","","","","","0","","","","","","","","seconds","1","0","","",,,,"1",,,,,,
"/on// /of","normal","*🀃 ᴳᴼᴷᵁ (𐫱) 𝙱 𝙻 𝙰 𝙲 𝙺 🀃 🜲* 🔥\n\n𝐍𝐨𝐦𝐛𝐫𝐞 𝐝𝐞𝐥 𝐠𝐫𝐮𝐩𝐨 : 🗣️\n %chat_name%\n\n𝐔𝐬𝐮𝐚𝐫𝐢𝐨 : 👤\n%name%\n\n┏━━━━━━━━━━━━━━┓\n  *C O M A N D O S*  🌟👥\n┏━━━━━━━━━━━━━━┓\n┃ `/delete`\n┃ `/tag all`\n┃ `/welcome`\n┃ `/antilink`\n┗━━━━━━━━━━━━━━┛\n\n𝑷𝒂𝒓𝒂 𝒂𝒄𝒕𝒊𝒗𝒂𝒓 𝒐 𝒅𝒆𝒔𝒂𝒄𝒕𝒊𝒗𝒂𝒓 𝒍𝒐𝒔 \n𝒄𝒐𝒎𝒂𝒏𝒅𝒐𝒔 𝒖𝒔𝒆 : 😺👇\n> */on welcome*\n> */of welcome*","single","","","b","","","","","0","","","","","","","","seconds","1","0","","",,,,"1",,,,,,
"/on delete// /on welcome// /on tagall// /on antilink//","normal","*🀃 ᴳᴼᴷᵁ (𐫱) 𝙱 𝙻 𝙰 𝙲 𝙺 🀃 🜲* 🔥\n\n𝑯𝒆𝒚 _!%name%!_ \n𝒔𝒆 𝒂𝒄𝒕𝒊𝒗𝒐 𝒍𝒂 𝒐𝒑𝒄𝒊𝒐́𝒏 : 🌟💞\n╭─────────────▏✅\n> *%message%*\n╰─────────────▏✅","single","","","b","","","","","0","","","","","","","","seconds","1","0","","",,,,"1",,,"1",,,
"/of delete// /of welcome// /of tagall// /of antilink//","normal","*🀃 ᴳᴼᴷᵁ (𐫱) 𝙱 𝙻 𝙰 𝙲 𝙺 🀃 🜲* 🔥\n\n𝑯𝒆𝒚 _!%name%!_ \n𝒔𝒆 𝒅𝒆𝒔𝒂𝒄𝒕𝒊𝒗𝒐 𝒍𝒂 𝒐𝒑𝒄𝒊𝒐́𝒏 : 🌟💞\n╭─────────────▏❌\n> *%message%*\n╰─────────────▏❌","single","","","b","","","","","0","","","","","","","","seconds","1","0","105","",,,,"1",,,"1",,,
"^/report @(.*)$","expert","*🀃 ᴳᴼᴷᵁ (𐫱) 𝙱 𝙻 𝙰 𝙲 𝙺 🀃 🜲* 🔥\n\n𝑯𝒆𝒚 _!%name%!_ \n𝒔𝒆 𝒉𝒂 𝒆𝒏𝒗𝒊𝒂𝒅𝒐 𝒆𝒔𝒕𝒆 𝒓𝒆𝒑𝒐𝒓𝒕𝒆 \n𝒂 𝒎𝒊 𝒄𝒓𝒆𝒂𝒅𝒐𝒓, 𝒅𝒆 𝒔𝒆𝒓 𝒇𝒂𝒍𝒔𝒐\n𝒔𝒆𝒓𝒂𝒔 𝒓𝒆𝒑𝒐𝒓𝒕𝒂𝒅𝒐 𝒚 𝒃𝒂𝒏𝒆𝒂𝒅𝒐 ‼️\n\n*Reportado* ⛔\n@%capturing_group_1%","single","","","b","","","","","0","","","","","","","","seconds","1","0","","",,,,"1",,,"1",,,
"^/invitar a @(.*)$","expert","*🀃 ᴳᴼᴷᵁ (𐫱) 𝙱 𝙻 𝙰 𝙲 𝙺 🀃 🜲* 🔥\n\n𝑯𝒆𝒚 _!%name%!_ \n𝒔𝒆 𝒆𝒏𝒗𝒊𝒐 𝒖𝒏 𝒎𝒆𝒏𝒔𝒂𝒋𝒆 𝒅𝒆 \n𝒊𝒏𝒗𝒊𝒕𝒂𝒄𝒊𝒐𝒏 𝒂 @%capturing_group_1%\n𝒆𝒔𝒕𝒐 𝒑𝒖𝒆𝒅𝒆 𝒅𝒆𝒎𝒐𝒓𝒂𝒓 ‼️","single","","","b","","","","","0","","","","","","","","seconds","1","0","","",,,,"1",,,"1",,,
"/afk (.*)","expert","*🀃 ᴳᴼᴷᵁ (𐫱) 𝙱 𝙻 𝙰 𝙲 𝙺 🀃 🜲* 🔥\n\n*𝐀 𝐓 𝐄 𝐍 𝐂 𝐈 𝐎 𝐍* ‼️\n_El usuario !%name%!_ \n_estará inactivo_  : 💤\n\n`No etiquetarlo` 💬😺\n\n𝐑𝐚𝐳𝐨𝐧 𝐝𝐞 𝐢𝐧𝐚𝐜𝐭𝐢𝐯𝐢𝐝𝐚𝐝 : 👇\n> *_%capturing_group_1%_*","single","1","1","b","","","","","0","","","","","","","","seconds","1","0","","",,,,"1",,,,,,
"/dia","none","*🀃 ᴳᴼᴷᵁ (𐫱) 𝙱 𝙻 𝙰 𝙲 𝙺 🀃 🜲* 🔥\n\n𝑯𝒆𝒚 _!%name%!_ 😺\n𝒆𝒍 𝒅𝒊𝒂 𝒅𝒆 𝒉𝒐𝒚 𝒆𝒔 : 🌄\n> `%day_of_week%`   🌅\n\n𝑬𝒔𝒑𝒆𝒓𝒐 𝒕𝒆𝒏𝒈𝒂𝒔 𝒐 𝒉𝒂𝒚𝒂𝒔 𝒕𝒆𝒏𝒊𝒅𝒐\n𝒖𝒏 𝒅𝒊𝒂 𝒉𝒆𝒓𝒎𝒐𝒔𝒐 🤓‼️","single","","","b","","","","","0","","","","","","","","seconds","1","0","","",,,,"1",,,,,,
"/mes","none","*🀃 ᴳᴼᴷᵁ (𐫱) 𝙱 𝙻 𝙰 𝙲 𝙺 🀃 🜲* 🔥\n\n𝑯𝒆𝒚 _!%name%!_ 😺\n𝒆𝒍 𝒎𝒆𝒔 𝒆𝒔 : 🏙️\n> `%month_name%`   🌇\n\n𝑬𝒔𝒑𝒆𝒓𝒐 𝒒𝒖𝒆 𝒆𝒔𝒕𝒆 𝒎𝒆𝒔 𝒕𝒓𝒂𝒊𝒈𝒂\n𝒎𝒖𝒄𝒉𝒂 𝒔𝒖𝒆𝒓𝒕𝒆 🥳✅","single","","","b","","","","","0","","","","","","","","seconds","1","0","","",,,,"1",,,,,,
"/año","none","*🀃 ᴳᴼᴷᵁ (𐫱) 𝙱 𝙻 𝙰 𝙲 𝙺 🀃 🜲* 🔥\n\n𝑯𝒆𝒚 _!%name%!_ 😺\n𝒆𝒍 𝒂𝒏̃𝒐 𝒆𝒔 : 🏝️\n> `%year%`   🌉\n\n𝑨𝒏̃𝒐 𝒍𝒍𝒆𝒏𝒐 𝒅𝒆 𝒎𝒖𝒄𝒉𝒂 \n𝒃𝒆𝒏𝒅𝒊𝒄𝒊𝒐𝒏 😜","single","","","b","","","","","0","","","","","","","","seconds","1","0","","",,,,"1",,,,,,
"/hora","none","*🀃 ᴳᴼᴷᵁ (𐫱) 𝙱 𝙻 𝙰 𝙲 𝙺 🀃 🜲* 🔥\n\n𝑯𝒆𝒚 _!%name%!_ 😺\n𝒍𝒂 𝒉𝒐𝒓𝒂 𝒅𝒆 𝒉𝒐𝒚 𝒆𝒔 : 🕰️\n> `%hour%:%minute% %am/pm%`  (🇵🇪)\n> 1 hora menos en (🇲🇽)\n> 2 horas mas en (🇦🇷)\n\n𝑼𝒏𝒂 𝒉𝒐𝒓𝒂 𝒖𝒏𝒊𝒄𝒂 ✨","single","","","b","","","","","0","","","","","","","","seconds","1","0","","",,,,"1",,,,,,
"/zodiac","none","*🀃 ᴳᴼᴷᵁ (𐫱) 𝙱 𝙻 𝙰 𝙲 𝙺 🀃 🜲* 🔥\n\n𝑯𝒆𝒚 _!%name%!_ 😺\n𝑪𝒖𝒂𝒍 𝒆𝒔 𝒕𝒖 𝒔𝒊𝒈𝒏𝒐 𝒛𝒐𝒅𝒊𝒂𝒄𝒂𝒍 ?🤔\n\n𝐎𝐩𝐜𝐢𝐨𝐧𝐞𝐬 : \n> 1 Aries\n> 2 Tauro\n> 3 Geminis\n> 4 Cancer\n> 5 Leo\n> 6 Virgo\n> 7 Libra\n> 8 Escorpio\n> 9 Sagitario\n> 10 Capricornio\n> 11 Acuario\n> 12 Picis\n\n𝐄𝐬𝐜𝐫𝐢𝐛𝐞 𝐮𝐧 𝐧𝐮𝐦𝐞𝐫𝐨 ‼️\n𝐬𝐞𝐠𝐮𝐧 𝐭𝐮 𝐬𝐢𝐠𝐧𝐨 𝐳𝐨𝐝𝐢𝐚𝐜𝐚𝐥\n\n𝐔𝐬𝐚 𝐭𝐚𝐦𝐛𝐢𝐞𝐧 *random*\n𝐩𝐚𝐫𝐚 𝐯𝐞𝐫 𝐮𝐧 𝐬𝐢𝐠𝐧𝐨 𝐳𝐨𝐝𝐢𝐚𝐜𝐚𝐥\n𝐪𝐮𝐞 𝐬𝐞𝐚 𝐫𝐚𝐧𝐝𝐨𝐦 (𝐚𝐥 𝐚𝐳𝐚𝐫)","single","","","b","","","","","0","","","","","","","","seconds","1","0","","",,,,"1",,,,,,
"1","none","*🀃 ᴳᴼᴷᵁ (𐫱) 𝙱 𝙻 𝙰 𝙲 𝙺 🀃 🜲* 🔥\n\nAries (21 de marzo - 19 de abril)\n- Líderes natos\n- Valientes y decididos\n- Competitivos","single","","","b","","","","","0","","","","","","","","seconds","1","0","114","",,,,"1",,,,,,
"2","none","*🀃 ᴳᴼᴷᵁ (𐫱) 𝙱 𝙻 𝙰 𝙲 𝙺 🀃 🜲* 🔥\n\nTauro (20 de abril - 20 de mayo)\n- Prácticos y confiables\n- Sensuales y apreciativos\n- Terco y resistente al cambio","single","","","b","","","","","0","","","","","","","","seconds","1","0","114","",,,,"1",,,,,,
"3","none","*🀃 ᴳᴼᴷᵁ (𐫱) 𝙱 𝙻 𝙰 𝙲 𝙺 🀃 🜲* 🔥\n\nGéminis (21 de mayo - 20 de junio)\n- Comunicativos y versátiles\n- Curiosos y adaptables\n- Inquietos y propensos a la dispersión","single","","","b","","","","","0","","","","","","","","seconds","1","0","114","",,,,"1",,,,,,
"4","none","*🀃 ᴳᴼᴷᵁ (𐫱) 𝙱 𝙻 𝙰 𝙲 𝙺 🀃 🜲* 🔥\n\nCáncer (21 de junio - 22 de julio)\n- Emocionales y empáticos\n- Protectores y leales\n- Sensibles y propensos a la nostalgia","single","","","b","","","","","0","","","","","","","","seconds","1","0","114","",,,,"1",,,,,,
"5","none","*🀃 ᴳᴼᴷᵁ (𐫱) 𝙱 𝙻 𝙰 𝙲 𝙺 🀃 🜲* 🔥\n\nLeo (23 de julio - 22 de agosto)\n- Confidentes y generosos\n- Apasionados y creativos\n- Orgullosos y dominantes","single","","","b","","","","","0","","","","","","","","seconds","1","0","114","",,,,"1",,,,,,
"6","none","*🀃 ᴳᴼᴷᵁ (𐫱) 𝙱 𝙻 𝙰 𝙲 𝙺 🀃 🜲* 🔥\n\nVirgo (23 de agosto - 22 de septiembre)\n- Analíticos y prácticos\n- Detallistas y perfeccionistas\n- Críticos y autocríticos","single","","","b","","","","","0","","","","","","","","seconds","1","0","114","",,,,"1",,,,,,
"7","none","*🀃 ᴳᴼᴷᵁ (𐫱) 𝙱 𝙻 𝙰 𝙲 𝙺 🀃 🜲* 🔥\n\nLibra (23 de septiembre - 22 de octubre)\n- Diplomáticos y equilibrados\n- Sociales y cooperativos\n- Indecisos y propensos a la complacencia","single","","","b","","","","","0","","","","","","","","seconds","1","0","114","",,,,"1",,,,,,
"8","none","*🀃 ᴳᴼᴷᵁ (𐫱) 𝙱 𝙻 𝙰 𝙲 𝙺 🀃 🜲* 🔥\n\nEscorpio (23 de octubre - 21 de noviembre)\n- Intensos y apasionados\n- Profundos y penetrantes\n- Secretivos y propensos a la venganza","single","","","b","","","","","0","","","","","","","","seconds","1","0","114","",,,,"1",,,,,,
"9","none","*🀃 ᴳᴼᴷᵁ (𐫱) 𝙱 𝙻 𝙰 𝙲 𝙺 🀃 🜲* 🔥\n\nSagitario (22 de noviembre - 21 de diciembre)\n- Optimistas y aventureros\n- Filosóficos y expansivos\n- Impacientes y propensos a la exageración","single","","","b","","","","","0","","","","","","","","seconds","1","0","114","",,,,"1",,,,,,
"10","none","*🀃 ᴳᴼᴷᵁ (𐫱) 𝙱 𝙻 𝙰 𝙲 𝙺 🀃 🜲* 🔥\n\nCapricornio (22 de diciembre - 19 de enero)\n- Disciplinados y responsables\n- Ambiciosos y prácticos\n- Conservadores y propensos a la rigidez","single","","","b","","","","","0","","","","","","","","seconds","1","0","114","",,,,"1",,,,,,
"11","none","*🀃 ᴳᴼᴷᵁ (𐫱) 𝙱 𝙻 𝙰 𝙲 𝙺 🀃 🜲* 🔥\n\nAcuario (20 de enero - 18 de febrero)\n- Humanitarios y visionarios\n- Independientes y innovadores\n- Rebeldes y propensos a la inconstancia","single","","","b","","","","","0","","","","","","","","seconds","1","0","114","",,,,"1",,,,,,
"12","none","*🀃 ᴳᴼᴷᵁ (𐫱) 𝙱 𝙻 𝙰 𝙲 𝙺 🀃 🜲* 🔥\n\nPiscis (19 de febrero - 20 de marzo)\n- Sensibles y empáticos\n- Imaginativos y intuitivos\n- Vulnerables y propensos a la confusión","single","","","b","","","","","0","","","","","","","","seconds","1","0","114","",,,,"1",,,,,,
"random","none","*🀃 ᴳᴼᴷᵁ (𐫱) 𝙱 𝙻 𝙰 𝙲 𝙺 🀃 🜲* 🔥\n%rndm_custom_1_,\nAries (21 de marzo - 19 de abril)\n- Líderes natos\n- Valientes y decididos\n- Competitivos,\nTauro (20 de abril - 20 de mayo)\n- Prácticos y confiables\n- Sensuales y apreciativos\n- Terco y resistente al cambio,\nGéminis (21 de mayo - 20 de junio)\n- Comunicativos y versátiles\n- Curiosos y adaptables\n- Inquietos y propensos a la dispersión,\nCáncer (21 de junio - 22 de julio)\n- Emocionales y empáticos\n- Protectores y leales\n- Sensibles y propensos a la nostalgia,\nLeo (23 de julio - 22 de agosto)\n- Confidentes y generosos\n- Apasionados y creativos\n- Orgullosos y dominantes,\nVirgo (23 de agosto - 22 de septiembre)\n- Analíticos y prácticos\n- Detallistas y perfeccionistas\n- Críticos y autocríticos,\nLibra (23 de septiembre - 22 de octubre)\n- Diplomáticos y equilibrados\n- Sociales y cooperativos\n- Indecisos y propensos a la complacencia,\nEscorpio (23 de octubre - 21 de noviembre)\n- Intensos y apasionados\n- Profundos y penetrantes\n- Secretivos y propensos a la venganza,\nSagitario (22 de noviembre - 21 de diciembre)\n- Optimistas y aventureros\n- Filosóficos y expansivos\n- Impacientes y propensos a la exageración,\nCapricornio (22 de diciembre - 19 de enero)\n- Disciplinados y responsables\n- Ambiciosos y prácticos\n- Conservadores y propensos a la rigidez,\nAcuario (20 de enero - 18 de febrero)\n- Humanitarios y visionarios\n- Independientes y innovadores\n- Rebeldes y propensos a la inconstancia,\nPiscis (19 de febrero - 20 de marzo)\n- Sensibles y empáticos\n- Imaginativos y intuitivos\n- Vulnerables y propensos a la confusión%\n\n𝑪𝒂𝒓𝒂𝒄𝒕𝒆𝒓𝒊𝒔𝒕𝒊𝒄𝒂𝒔 𝒎𝒖𝒚 𝒖𝒏𝒊𝒄𝒂𝒔 🌟","single","","","b","","","","","0","","","","","","","","seconds","1","0","114","",,,,"1",,,,,,
"/pelea","none","*🀃 ᴳᴼᴷᵁ (𐫱) 𝙱 𝙻 𝙰 𝙲 𝙺  🀃  🜲* 🔥\n\n𝑯𝒆𝒚 _!%name%!_\n𝒔𝒆𝒍𝒆𝒄𝒄𝒊𝒐𝒏𝒆 𝒖𝒏 𝒑𝒆𝒓𝒔𝒐𝒏𝒂𝒋𝒆 𝒅𝒆 𝒈𝒐𝒌𝒖:‼️\n\n𝐆𝐫𝐚𝐭𝐢𝐬 : ⭐✅\n1 *Piccolo*\n2 *Gohan*\n3 *Tronks*\n\n𝐏𝐫𝐞𝐦𝐢𝐮𝐦 : 🌟❌\n1 *Goku Black*\n2 *Son Goku*\n3 *Vegeta*\n4 *Bills*\n5 *Seno Zama*\n\n𝐄𝐣𝐞𝐦𝐩𝐥𝐨 : \n*pelea1*","single","","","b","","","","","0","","","","","","","","seconds","1","0","","",,,,"1",,,,,,
"pelea1","none","*🀃 ᴳᴼᴷᵁ (𐫱) 𝙱 𝙻 𝙰 𝙲 𝙺  🀃  🜲* 🔥\n𝑯𝒆𝒚 _!%name%!_\n𝒆𝒍 𝒆𝒏𝒆𝒎𝒊𝒈𝒐 𝒂𝒍 𝒒𝒖𝒆 𝒆𝒏𝒇𝒓𝒆𝒏𝒕𝒂𝒔𝒕𝒆 𝒇𝒖𝒆:💥\n      *%rndm_custom_1_Broly,Frezer,Majin Buu,Cell,Kid Buu%* 🐲\n\n𝑷𝒆𝒍𝒆𝒂𝒔𝒕𝒆𝒔 𝒄𝒐𝒏: 🔥\n  *Piccolo* 🐉\n\n𝐅𝐈𝐍𝐀𝐋 𝐃𝐄 𝐋𝐀 𝐁𝐀𝐓𝐀𝐋𝐋𝐀 ‼️\n*Perdistes %rndm_num_1_1000%exp* 💸❌<#>*🀃 ᴳᴼᴷᵁ (𐫱) 𝙱 𝙻 𝙰 𝙲 𝙺  🀃  🜲* 🔥\n𝑯𝒆𝒚 _!%name%!_\n𝒆𝒍 𝒆𝒏𝒆𝒎𝒊𝒈𝒐 𝒂𝒍 𝒒𝒖𝒆 𝒆𝒏𝒇𝒓𝒆𝒏𝒕𝒂𝒔𝒕𝒆 𝒇𝒖𝒆:💥\n      *%rndm_custom_1_Broly,Frezer,Majin Buu,Cell,Kid Buu%* 🐲\n\n𝑷𝒆𝒍𝒆𝒂𝒔𝒕𝒆𝒔 𝒄𝒐𝒏: 🔥\n  *Piccolo* 🐉\n\n𝐅𝐈𝐍𝐀𝐋 𝐃𝐄 𝐋𝐀 𝐁𝐀𝐓𝐀𝐋𝐋𝐀 ‼️\n*Ganastes %rndm_num_1_1000%exp* 💸🎊","random","","","b","","","","","0","","","","","","","","seconds","1","0","128","",,,,"1",,,,,,
"pelea2","none","*🀃 ᴳᴼᴷᵁ (𐫱) 𝙱 𝙻 𝙰 𝙲 𝙺  🀃  🜲* 🔥\n𝑯𝒆𝒚 _!%name%!_\n𝒆𝒍 𝒆𝒏𝒆𝒎𝒊𝒈𝒐 𝒂𝒍 𝒒𝒖𝒆 𝒆𝒏𝒇𝒓𝒆𝒏𝒕𝒂𝒔𝒕𝒆 𝒇𝒖𝒆:💥\n      *%rndm_custom_1_Broly,Frezer,Majin Buu,Cell,Kid Buu%* 🐲\n\n𝑷𝒆𝒍𝒆𝒂𝒔𝒕𝒆𝒔 𝒄𝒐𝒏: 🔥\n  *Gohan* 🐉\n\n𝐅𝐈𝐍𝐀𝐋 𝐃𝐄 𝐋𝐀 𝐁𝐀𝐓𝐀𝐋𝐋𝐀 ‼️\n*Perdistes %rndm_num_1_1000%exp* 💸❌<#>*🀃 ᴳᴼᴷᵁ (𐫱) 𝙱 𝙻 𝙰 𝙲 𝙺  🀃  🜲* 🔥\n𝑯𝒆𝒚 _!%name%!_\n𝒆𝒍 𝒆𝒏𝒆𝒎𝒊𝒈𝒐 𝒂𝒍 𝒒𝒖𝒆 𝒆𝒏𝒇𝒓𝒆𝒏𝒕𝒂𝒔𝒕𝒆 𝒇𝒖𝒆:💥\n      *%rndm_custom_1_Broly,Frezer,Majin Buu,Cell,Kid Buu%* 🐲\n\n𝑷𝒆𝒍𝒆𝒂𝒔𝒕𝒆𝒔 𝒄𝒐𝒏: 🔥\n  *Gohan* 🐉\n\n𝐅𝐈𝐍𝐀𝐋 𝐃𝐄 𝐋𝐀 𝐁𝐀𝐓𝐀𝐋𝐋𝐀 ‼️\n*Ganastes %rndm_num_1_1000%exp* 💸🎊","random","","","b","","","","","0","","","","","","","","seconds","1","0","128","",,,,"1",,,,,,
"/pelea3","none","*🀃 ᴳᴼᴷᵁ (𐫱) 𝙱 𝙻 𝙰 𝙲 𝙺  🀃  🜲* 🔥\n𝑯𝒆𝒚 _!%name%!_\n𝒆𝒍 𝒆𝒏𝒆𝒎𝒊𝒈𝒐 𝒂𝒍 𝒒𝒖𝒆 𝒆𝒏𝒇𝒓𝒆𝒏𝒕𝒂𝒔𝒕𝒆 𝒇𝒖𝒆:💥\n      *%rndm_custom_1_Broly,Frezer,Majin Buu,Cell,Kid Buu%* 🐲\n\n𝑷𝒆𝒍𝒆𝒂𝒔𝒕𝒆𝒔 𝒄𝒐𝒏: 🔥\n  *Tronks* 🐉\n\n𝐅𝐈𝐍𝐀𝐋 𝐃𝐄 𝐋𝐀 𝐁𝐀𝐓𝐀𝐋𝐋𝐀 ‼️\n*Perdistes %rndm_num_1_1000%exp* 💸<#>*🀃 ᴳᴼᴷᵁ (𐫱) 𝙱 𝙻 𝙰 𝙲 𝙺  🀃  🜲* 🔥\n𝑯𝒆𝒚 _!%name%!_\n𝒆𝒍 𝒆𝒏𝒆𝒎𝒊𝒈𝒐 𝒂𝒍 𝒒𝒖𝒆 𝒆𝒏𝒇𝒓𝒆𝒏𝒕𝒂𝒔𝒕𝒆 𝒇𝒖𝒆:💥\n      *%rndm_custom_1_Broly,Frezer,Majin Buu,Cell,Kid Buu%* 🐲\n\n𝑷𝒆𝒍𝒆𝒂𝒔𝒕𝒆𝒔 𝒄𝒐𝒏: 🔥\n  *Tronks* 🐉\n\n𝐅𝐈𝐍𝐀𝐋 𝐃𝐄 𝐋𝐀 𝐁𝐀𝐓𝐀𝐋𝐋𝐀 ‼️\n*Ganastes %rndm_num_1_1000%exp* 💸","random","","","b","","","","","0","","","","","","","","seconds","1","0","128","",,,,"1",,,,,,
"/personajes","none","*🀃 ᴳᴼᴷᵁ (𐫱) 𝙱 𝙻 𝙰 𝙲 𝙺  🀃  🜲* 🔥\n\n _!%name%!_ 𝒂𝒒𝒖𝒊 \n𝒕𝒐𝒅𝒐𝒔 𝒍𝒐𝒔 𝒑𝒆𝒓𝒔𝒐𝒏𝒂𝒋𝒆𝒔 : 🐉\n\n𝐓𝐔𝐒 𝐏𝐄𝐑𝐒𝐎𝐍𝐀𝐉𝐄𝐒 : ‼️👤\n┏━━━━━°⌜ •赤•糸 •⌟°━━━━━┓\n☆ *Gohan* `|Ki→1000\n☆ *Tronks* `|Ki→1000`\n☆ *Piccolo* `|Ki→2000`\n┗━━━━━°⌜ •赤•糸 •⌟°━━━━━┛\n\n𝐏𝐄𝐑𝐒𝐎𝐍𝐀𝐉𝐄𝐒 𝐏𝐑𝐄𝐌𝐈𝐔𝐌 🌟\n┏━━━━━°⌜ •赤•糸 •⌟°━━━━━┓\n☆ *GokuBlack* `|Ki→5000`\n☆ *SonGoku* `|Ki→4900`\n☆ *Vegeta* `|Ki→4890`\n☆ *Bills* `|Ki→7000`\n☆ *Seno Zama* `Ki→10000`\n┗━━━━━°⌜ •赤•糸 •⌟°━━━━━┛\n\n𝐏𝐄𝐑𝐒𝐎𝐍𝐀𝐉𝐄𝐒 𝐕𝐈𝐋𝐋𝐀𝐍𝐎𝐒 🌚\n\n┏━━━━━°⌜ •赤•糸 •⌟°━━━━━┓\n☆ *Broly* `|Ki→7000`\n☆ *Frezer* `|Ki→2000`\n☆ *Majin Buu* `|Ki→1000`\n☆ *Cell* `|Ki→1000`\n☆ *Kid Buu* `Ki→9000`\n┗━━━━━°⌜ •赤•糸 •⌟°━━━━━┛","single","","","b","","","","","0","","","","","","","","seconds","1","0","","",,,,"1",,,,,,
"/mis personajes","none","*🀃 ᴳᴼᴷᵁ (𐫱) 𝙱 𝙻 𝙰 𝙲 𝙺  🀃  🜲* 🔥\n\n _!%name%!_ 𝒂𝒒𝒖𝒊 \n𝒕𝒐𝒅𝒐𝒔 𝒕𝒖𝒔 𝒑𝒆𝒓𝒔𝒐𝒏𝒂𝒋𝒆𝒔 : 🐉\n\n𝐓𝐔𝐒 𝐏𝐄𝐑𝐒𝐎𝐍𝐀𝐉𝐄𝐒 : ‼️👤\n┏━━━━━°⌜ •赤•糸 •⌟°━━━━━┓\n☆ *Gohan* `|Ki→1000\n☆ *Tronks* `|Ki→1000`\n☆ *Piccolo* `|Ki→2000`\n┗━━━━━°⌜ •赤•糸 •⌟°━━━━━┛","single","","","b","","","","","0","","","","","","","","seconds","1","0","","",,,,"1",,,,,,
"/girar la ruleta","none","*🀃 ᴳᴼᴷᵁ (𐫱) 𝙱 𝙻 𝙰 𝙲 𝙺  🀃  🜲* 🔥\n\n _!%name%!_ 𝒈𝒊𝒓𝒂𝒔𝒕𝒆𝒔\n𝒍𝒂 𝒓𝒖𝒍𝒆𝒕𝒂 𝒚 𝒄𝒐𝒏𝒔𝒆𝒈𝒖𝒊𝒔𝒕𝒆𝒔 : 🌠\n%rndm_custom_1_☆ *Nada*,☆ *Broly*,☆ *Frezer*,☆ *Majin Buu*,☆ *Cell*,☆ *Kid Buu*,☆ *Nada*,☆ *Nada*,☆ *Nada*,☆ *Nada*,☆ *Nada*,*Nada*,☆ *Nada*,☆ *Nada*,☆ *Nada*,☆ *Nada*,*Nada*,☆ *Nada*,☆ *Nada*,☆ *Nada*,☆ *Nada*,*Nada*,☆ *Nada*,☆ *Nada*,☆ *Nada*,☆ *Nada*,*Nada*,☆ *Nada*,☆ *Nada*,☆ *Nada*,☆ *Nada*,*Nada*,☆ *Nada*,☆ *Nada*,☆ *Nada*,☆ *Nada*,*Nada*,☆ *Nada*,☆ *Nada*,☆ *Nada*,☆ *Nada*,*Nada*,☆ *Nada*,☆ *Nada*,☆ *Nada*,☆ *Nada*,*Nada*,☆ *Nada*,☆ *Nada*,☆ *Nada*,☆ *Nada*,*Nada*,☆ *Nada*,☆ *Nada*,☆ *Nada*,☆ *Nada*,%\n\n𝐒𝐢 𝐭𝐞 𝐬𝐚𝐥𝐞 𝐮𝐧 𝐩𝐞𝐫𝐬𝐨𝐧𝐚𝐣𝐞 𝐞𝐧𝐯𝐢𝐚\n𝐮𝐧 𝐜𝐨𝐦𝐩𝐫𝐨𝐯𝐚𝐧𝐭𝐞 𝐜𝐨𝐦𝐨 𝐮𝐧𝐚 \n𝐜𝐚𝐩𝐭𝐮𝐫𝐚 𝐝𝐞 𝐩𝐚𝐧𝐭𝐚𝐥𝐥𝐚 🗣️✅\n\n*𝐕𝐮𝐞𝐥𝐯𝐞 𝐞𝐧 10 𝐦𝐢𝐧𝐮𝐭𝐨𝐬...*","single","","","b","","","","","0","","","","","","","","minutes","10","0","","",,,,"1",,,,,,
"/emogibig","none","*🀃 ᴳᴼᴷᵁ (𐫱) 𝙱 𝙻 𝙰 𝙲 𝙺  🀃  🜲* 🔥\n\n𝑯𝒐𝒍𝒂 _!%name%!_ \n𝒒𝒖𝒆 𝒅𝒆𝒄𝒆𝒂 𝒄𝒐𝒏𝒗𝒆𝒓𝒕𝒊𝒓 𝒂 𝒈𝒓𝒂𝒏𝒅𝒆 \n𝒆𝒍𝒊𝒈𝒂 𝒖𝒏 𝒂𝒐𝒑𝒄𝒊𝒐𝒏 😊‼️\n> 😄\n> 😎\n> ❤️\n> 💎\n> 🎂\n> 🛤️\n𝑺𝒐𝒍𝒐 𝒇𝒖𝒏𝒄𝒊𝒐𝒏𝒂 𝒄𝒐𝒏 𝒆𝒍 \n𝒄𝒐𝒎𝒂𝒏𝒅𝒐 𝒑𝒓𝒊𝒏𝒄𝒊𝒑𝒂𝒍 !!","single","","","b","","","","","0","","","","","","","","seconds","1","0","","",,,,"1",,,,,,
"😄","none","🔲🔲🔲🔲🔲🔲🔲🔲\n🔲🔲😄🔲🔲😄🔲🔲\n🔲🔲😄🔲🔲😄🔲🔲\n🔲🔲😄🔲🔲😄🔲🔲\n😄🔲🔲🔲🔲🔲🔲😄\n😄🔲🔲🔲🔲🔲🔲😄\n🔲😄🔲🔲🔲🔲😄🔲 \n🔲🔲😄😄😄😄🔲🔲\n🔲🔲🔲🔲🔲🔲🔲🔲","single","","","b","","","","","0","","","","","","","","seconds","1","0","135","",,,,"1",,,,,,
"😎","none","    🔥🔥🔥🔥🔥\n  ☀☀☀☀☀☀\n⚫⚫⚫⚫⚫⚫⚫\n☀⚫⚫☀⚫⚫☀\n☀☀☀☀☀☀☀\n☀☀☀👅☀☀☀\n    ☀☀☀☀☀","single","","","b","","","","","0","","","","","","","","seconds","1","0","135","",,,,"1",,,,,,
"❤️","none","⚫⚫⚫⚫⚫⚫⚫\n⚫❤️❤️⚫❤️❤️⚫\n❤️❤️❤️❤️❤️❤️❤️\n❤️❤️❤️❤️❤️❤️❤️\n⚫❤️❤️❤️❤️❤️⚫\n⚫⚫❤️❤️❤⚫⚫\n⚫⚫⚫❤️⚫⚫⚫\n⚫⚫⚫⚫⚫⚫⚫","single","","","b","","","","","0","","","","","","","","seconds","1","0","135","",,,,"1",,,,,,
"💎","none","👑👑👑👑👑👑👑\n👑💎💎👑💎💎👑\n💎💎💎💎💎💎💎\n💎💎💎💎💎💎💎\n👑💎💎💎💎💎👑\n👑👑💎💎💎👑👑\n👑👑👑💎👑👑👑\n👑👑👑👑👑👑👑","single","","","b","","","","","0","","","","","","","","seconds","1","0","135","",,,,"1",,,,,,
"🎂","none","           ()  () () ()  ()\n        ̥ _̲ ║  ║ ║ ║  ║ _̲   ̥\n    {.· _ ♥ _ · _ ♥_ ·.}\n __{·.💓. _ .💓. _ .💓.·}__\n~~~~~~~~~~~~~~~~~~\n💖.·*·. Feliz Cumple .·*·.💖","single","","","b","","","","","0","","","","","","","","seconds","0","0","135","",,,,,,,,,,
"🛤️","none","         🌲/         🚔|     \\n        🌲/          🚔 |      \\n      🌲/           🚔  |       \\n    🌲/          🚔     |        \\n  🌲/         🚔        |         \\n🌲/🚘                   |          \","single","","","b","","","","","0","","","","","","","","seconds","1","0","135","",,,,"1",,,,,,
"/pakletras","none","*🀃 ᴳᴼᴷᵁ (𐫱) 𝙱 𝙻 𝙰 𝙲 𝙺  🀃  🜲* 🔥\n\n𝑯𝒆𝒚 _!%name%!_ 𝒒𝒖𝒆 \n𝒑𝒂𝒌 𝒅𝒆 𝒍𝒆𝒕𝒓𝒂𝒔 𝒅𝒆𝒄𝒆𝒂𝒔 : 👇\n\n1 🄰🄱\n2 ⓐⓑ\n3 ａｂ\n4 𝗮𝗯\n5 pak total \n6 ▆\n\n𝑼𝒔𝒆 𝒆𝒍 𝒏𝒖𝒎𝒆𝒓𝒐  😸🔢\n𝒆𝒋𝒆𝒎𝒑𝒍𝒐 : *1*","single","","","b","","","","","0","","","","","","","","seconds","1","0","","",,,,"1",,,,,,
"1","none","*🀃 ᴳᴼᴷᵁ (𐫱) 𝙱 𝙻 𝙰 𝙲 𝙺  🀃  🜲* 🔥\n\n*𝑬𝒏𝒗𝒊𝒂𝒏𝒅𝒐 𝒑𝒂𝒌 𝒅𝒆 𝒍𝒆𝒕𝒓𝒂𝒔 ...* ⏳<#>🅀🅆🄴🅁🅃🅈🅄🄸🄱\n🄾🄿🄰🅂🄳🄵🄶🄷🄽\n🄹🄺🄻🄽̃🅉🅇🄲🅅🄼","all","1","1","b","","","","","0","","","","","","","","seconds","1","0","142","",,,,"1",,,,,,
"2","none","*🀃 ᴳᴼᴷᵁ (𐫱) 𝙱 𝙻 𝙰 𝙲 𝙺  🀃  🜲* 🔥\n\n*𝑬𝒏𝒗𝒊𝒂𝒏𝒅𝒐 𝒑𝒂𝒌 𝒅𝒆 𝒍𝒆𝒕𝒓𝒂𝒔 ...* ⏳<#>Ⓠⓦⓔⓡⓣⓨⓤⓘⓞ\nⓟⓐⓢⓓⓕⓖⓗⓙⓚ\nⓛⓝ̃ⓩⓧⓒⓥⓑⓝⓜ","all","1","1","b","","","","","0","","","","","","","","seconds","1","0","142","",,,,"1",,,,,,
"3","none","*🀃 ᴳᴼᴷᵁ (𐫱) 𝙱 𝙻 𝙰 𝙲 𝙺  🀃  🜲* 🔥\n\n*𝑬𝒏𝒗𝒊𝒂𝒏𝒅𝒐 𝒑𝒂𝒌 𝒅𝒆 𝒍𝒆𝒕𝒓𝒂𝒔 ...* ⏳<#>ｑｗｅｒｔｙｕｉｏ\nＰａｓｄｆｇｈｊｋ\nｌｎ̃ｚｘｃｖｂｎｍ","all","1","1","b","","","","","0","","","","","","","","seconds","1","0","142","",,,,"1",,,,,,
"3","none","*🀃 ᴳᴼᴷᵁ (𐫱) 𝙱 𝙻 𝙰 𝙲 𝙺  🀃  🜲* 🔥\n\n*𝑬𝒏𝒗𝒊𝒂𝒏𝒅𝒐 𝒑𝒂𝒌 𝒅𝒆 𝒍𝒆𝒕𝒓𝒂𝒔 ...* ⏳<#>Ⓐ","all","1","1","b","","","","","0","","","","","","","","seconds","0","0","142","",,,,,,,,,,
"4","none","*🀃 ᴳᴼᴷᵁ (𐫱) 𝙱 𝙻 𝙰 𝙲 𝙺  🀃  🜲* 🔥\n\n*𝑬𝒏𝒗𝒊𝒂𝒏𝒅𝒐 𝒑𝒂𝒌 𝒅𝒆 𝒍𝒆𝒕𝒓𝒂𝒔 ...* ⏳<#>𝗾𝘄𝗲𝗿𝘁𝘆𝘂𝗶𝗼\n𝗽𝗮𝘀𝗱𝗳𝗴𝗵𝗷𝗸𝗹\n𝗻̃𝘇𝘅𝗰𝘃𝗯𝗻𝗺","all","1","1","b","","","","","0","","","","","","","","seconds","1","0","142","",,,,"1",,,,,,
"5//pak total","normal","*🀃 ᴳᴼᴷᵁ (𐫱) 𝙱 𝙻 𝙰 𝙲 𝙺  🀃  🜲* 🔥\n\n*𝑬𝒏𝒗𝒊𝒂𝒏𝒅𝒐 𝒑𝒂𝒌 𝒕𝒐𝒕𝒂𝒍 ...* ⏳<#>ᗩㅤᗨㅤᎯㅤᗅㅤᗄㅤᗋ\n\n᠕ㅤλㅤ᥈ㅤʌㅤꭺㅤᴀㅤѧㅤᤂ\n\nꋬㅤꪁㅤꪇㅤꭿㅤꮜㅤꬅㅤค\n\n𝚊ㅤąㅤᥠㅤᥑㅤ𐐨ㅤᨡㅤɐㅤə\n\nꭤㅤ⍺ㅤᥝㅤᥓㅤᥲㅤҩㅤꪖㅤꪋ\n\n𐐼ㅤɑㅤɒㅤ᧘ㅤᵰㅤᦅ̶ㅤҩ\n\nᏴㅤᗷㅤᗺㅤᙖㅤᙙㅤꕗㅤᢃㅤᢄ\n\nᦑㅤᨪㅤᨢㅤϐㅤᏮㅤნㅤб\n\nწㅤⳒㅤỼㅤỽㅤꪉㅤሬㅤ᥇\n\nᛔㅤᛒㅤცㅤβㅤɮㅤᏰㅤᏸ\n\nᏼㅤвㅤꮟㅤ๒ㅤᎲㅤꮂㅤხ\n\nꞗㅤ𐒑ㅤᖚㅤｂㅤⴆㅤɓㅤճ\n\nᑕㅤᏟㅤƇㅤᏣㅤℂㅤℭㅤꉔ\n\nᝯㅤᢗㅤ૮ㅤ᧔ㅤ᧓ㅤᨶㅤςㅤᥴ\n\nꉓㅤ᧑ㅤ᥋ㅤ᥌ㅤɕㅤͼㅤꮳㅤꮸ\n\nᗞㅤᗡㅤᎠㅤƊㅤᗪㅤᗭ\n\nᴅㅤძㅤᖙㅤժㅤ∂ㅤᦺㅤ᧚ㅤᦔ\n\nɗㅤɖㅤԃㅤԀㅤშㅤᏧㅤᣫ\n\nᎬㅤꗍㅤꓰㅤꓱㅤΣㅤƏㅤꤕㅤꤋ\n\n៩ㅤᤎㅤᤉㅤᦷㅤ꣖ㅤ؏ㅤꦌㅤꦍ\n\nꭼㅤ૯ㅤꂅㅤεㅤᰚㅤꮛㅤєㅤϵ\n\nᧉㅤᥱㅤꫀㅤⅇㅤ℮ㅤ𝖾ㅤᘓㅤછ\n\nᰀㅤҽㅤꬴㅤɘㅤꪮㅤᦸᦾㅤꮺ\n\n𝟋ㅤ𝟊ㅤᖴㅤᖷㅤꓝㅤꓞㅤꞘㅤꝻ\n\nꝼㅤꝭㅤꝬㅤꯤㅤ⨍ㅤƒㅤʄㅤᠻ\n\n𝙵ㅤŦㅤҒㅤғㅤﾓㅤ𝖋ㅤꎇ\n\nᎶㅤႺㅤᏀㅤᏩㅤᏳㅤᏵㅤᩑ\n\nɢㅤʛㅤԍㅤꮐㅤꮹㅤᏻㅤᏽ ᠖\n\nᩅᩛㅤꫀᩛㅤ૭ᩛㅤꬶㅤᧁㅤԳㅤꁅㅤ❡\n\nᦋㅤទㅤℊㅤｇㅤɠㅤⴒㅤꤞ\n\nᎻㅤꃅㅤꃬㅤអㅤឣ\n\nꮋㅤ𝙷ㅤʜㅤዘㅤዛㅤዞㅤዙ\n\nႹㅤᏂㅤᏥㅤᏲㅤᏺㅤꮵㅤᏺ\n\nᨤㅤᦌㅤᦩㅤჩㅤђㅤɧㅤɦㅤ᭖\n\nⴌㅤℎㅤℏㅤ꘥ㅤϞㅤｻㅤ೫\n\nꫝㅤϦㅤᠡㅤհㅤんㅤℌㅤꗱ\n\nᏆㅤᏗㅤꀤㅤɪㅤƗㅤɨㅤ ᥣ༵\n\n᥄ㅤ᥅ㅤ૧ㅤɬㅤꮧㅤιㅤเ\n\nเํㅤꮣㅤ᥇ㅤ꒹ㅤꪱㅤⱜㅤɾㅤ꛲\n\niͦㅤ𝕚ㅤⅈㅤ᭣᭫ㅤᝢㅤᎥㅤꭵㅤꚤ\n\nᎫㅤɈㅤᒍㅤᒎㅤＪㅤ၂ㅤ᧒\n\nჯㅤᏓㅤᴊㅤ丿ㅤʃㅤȷㅤ ᩭ\n\n꒻ㅤɉㅤʝㅤⅉㅤℑㅤᣫ\n\nᏦㅤҠㅤᜩㅤᜥㅤꀘㅤꈵ\n\n𝙺ㅤᴋㅤҡㅤƙㅤkⷬㅤʞㅤઝㅤᛕ\n\nᏝㅤᏞㅤᏓㅤᘂㅤჀㅤႱㅤし\n\n𐑚ㅤ⎝ㅤᥣㅤƖㅤｌㅤ꒒ㅤᝑㅤʟㅤ\n\n⎝,ㅤℓㅤ𐑙ㅤ ʆㅤᥧ ㅤᥨㅤꪻㅤꪶ  \n\nᎷㅤℳㅤᛖㅤᛗㅤᗰㅤ᠓\n\n ⴜㅤɱㅤⴅㅤꬺㅤꭑㅤញ\n\n꧑ㅤണㅤ꧟ㅤꪔㅤꪑㅤꩀ\n\nⴇㅤᥗㅤᥞㅤ᭚ㅤꦭㅤꨤ\n\nꩁㅤ᪘ㅤ๓ㅤ᧕ㅤ᧗ㅤᱬ\n\nмㅤϻㅤʍㅤⲘㅤⲙ\n\nƝㅤᜤㅤᜬㅤᜮㅤᜰㅤᥰ\n\nᏁㅤበㅤꪀㅤᥐㅤᥟㅤᚺㅤᚻ\n\nດㅤⴖㅤꪦㅤꪧㅤทㅤກㅤຖ\n\nꫜㅤꫛㅤꪏㅤꪄㅤꪂㅤꪃ\n\nภㅤกㅤᥰㅤꪒㅤꬻㅤꬼㅤ𝕟ㅤⴂ\n\nꪨㅤꪭㅤꪕㅤꮑㅤռㅤꤙㅤꤚ\n\nɴㅤͷㅤᥢㅤ᱅ㅤᥒㅤηㅤɳ\n\nᎧㅤᏫㅤᎾㅤԾㅤᱵㅤϴㅤ𝕆\n\nꄲㅤꉻㅤꄲㅤ꧞ㅤᦢㅤᦅㅤᨵ\n\n𝕠ㅤ𖦹︎ㅤσㅤ꧐ㅤ᥆ㅤ૭ㅤꪮㅤꪯ\n\nᏢㅤᕈㅤƤㅤᎮㅤᎵㅤᑭㅤᚹ\n\nԹㅤթㅤⲣㅤᖘㅤⳡㅤ⅌ㅤ℘ㅤ𝕡\n\nᴘㅤꭾㅤ₍⃘ ㅤקㅤꛤㅤρㅤ⍴ㅤ⅋\n\nⵕㅤϘㅤႳㅤᏄㅤɊㅤφ\n\nᒅㅤᑴㅤᑫㅤզㅤգㅤꮔ\n\nჹㅤǫㅤϙㅤợㅤꁸㅤꋠㅤᵠ\n\nᏒㅤᎡㅤℝㅤℛㅤℜㅤƦㅤᖇ\n\nꮢㅤꭱㅤʀㅤяㅤꭆㅤᚱㅤ𐑷ㅤ૨\n\n꒓ㅤᛚㅤᛛㅤᛮㅤᠵㅤᡪㅤᠶㅤꧏ\n\nɾㅤ𐑩ㅤ𐑾ㅤⲅㅤɼㅤꭇㅤꭈㅤ𝕣\n\nꭉㅤꭊㅤꮉㅤꭌㅤꮁㅤ᥅ㅤꤎ\n\nටිㅤՏㅤᏚㅤᎦㅤᏕㅤ𝕊ㅤᦓㅤꇙ\n\nՖㅤꑄㅤꌗㅤ𝚂ㅤនㅤខㅤឧㅤ ꢺ\n\nꤔㅤ𝕤ㅤรㅤ꯱ㅤⲊㅤ𐑕ㅤδ\n\n၇ㅤѕㅤꮪㅤƨㅤ᥉ㅤડㅤઽㅤ𝚜\n\n𝖘ㅤနㅤⵢㅤႽㅤຮㅤຣㅤຂㅤຊ\n\n⊤ㅤᎢㅤͲㅤ𝕋ㅤƬㅤፐㅤᎎ\n\n𝚻ㅤԵㅤեㅤ੮ㅤᥣ͠ㅤȶㅤᡶㅤᡫ\n\n꓄ㅤ꓅ㅤ𝚃ㅤተㅤтㅤτㅤɫㅤƚ\n\nｲㅤʈㅤƭㅤʇ    tㅤ𝕥ㅤ𝚝\n\nႮㅤᑌㅤՄㅤᘮㅤᙀㅤび\n\n꒤ㅤሀㅤ𝚄ㅤᳪㅤᳫㅤꪣㅤꪊ\n\nꪞㅤꪌㅤꪍㅤ᭘ㅤບ\n\nᥩㅤⴎㅤꭒㅤᥔㅤᥭㅤմㅤɥㅤµ\n\nⴑㅤ𝚞ㅤ𝛍ㅤ𝕦ㅤ꤇ㅤបㅤꀎㅤย\n\nնㅤυㅤᥳㅤꭎㅤꭒㅤս ᥙㅤᤙㅤʋ\n\nᏉㅤᏤㅤᏙㅤ⩔ㅤᐯㅤ𝕍ㅤ𝛶\n\nᝬㅤᜌㅤᜯㅤᜠㅤᜱㅤꪜ\n\n𝕧ㅤɤㅤꮘㅤꮙㅤꮴㅤⱴㅤ𐐷\n\n᥎ㅤѵㅤ𝚅ㅤ𐑫ㅤꮩㅤɣㅤꪚ\n\nꝠㅤⱲㅤᎳㅤᏔㅤ𝕎ㅤꓪ\n\nꝡㅤᏇㅤ𝜔ㅤꛃ\n\n山ㅤᗯㅤឃㅤꅐㅤ𝕨ㅤⱳㅤꤿ\n\nฬㅤᠠㅤꪝㅤꪡㅤꪟㅤ𐐶ㅤᥕ\n\nωㅤᤐㅤᱦㅤꟺㅤѡㅤⴍㅤꭐ\n\nⴓㅤࠌㅤ᭙ㅤꦦㅤꦞㅤಬㅤಒ\n\nㄨㅤⲬㅤꭓㅤ✗ㅤ乂ㅤⵋㅤꉧ\n\nℵㅤאㅤꊩㅤꊪㅤꇓㅤӾㅤχ\n\nꭕㅤꭙㅤꭔㅤꭘㅤꭖㅤꭗㅤﾒ\n\n᥊ㅤᝣㅤꪎㅤⲭㅤx\n\nㄚㅤᎩㅤƴㅤꮍㅤᱤㅤỾ\n\nỿㅤℽㅤyㅤꪩㅤꭚㅤүㅤץㅤꌦ\n\nчㅤⴗㅤկㅤՎㅤվㅤႸㅤⴘ\n\nⴁㅤყㅤᥡㅤꪗㅤ𐒋ㅤჄㅤჃ\n\nႷㅤႯㅤႡ\n\n乙ㅤ𝚭ㅤƵㅤᏃㅤȤㅤℤㅤᮔ\n\nᤁㅤ𝚉ㅤ𝚣ㅤჳㅤკㅤᧆㅤꪅㅤℨ\n\n𝓩ㅤꙁㅤɀㅤ꤃ㅤꤘㅤʑㅤᴢㅤ႗","all","1","1","b","","","","","0","","","","","","","","seconds","1","0","142","",,,,"1",,,,,,
"/repetir (.*)","expert","*🀃 ᴳᴼᴷᵁ (𐫱) 𝙱 𝙻 𝙰 𝙲 𝙺 🀃 🜲* 🔥\n\n*REPITIENDO TEXTO..* 👇<#>%capturing_group_1%<#>%capturing_group_1%<#>%capturing_group_1%<#>%capturing_group_1%<#>%capturing_group_1%<#>*🀃 ᴳᴼᴷᵁ (𐫱) 𝙱 𝙻 𝙰 𝙲 𝙺 🀃 🜲* 🔥\n\n*No podrás usar esta opción en:*\n> _1 minuto_","all","1","1","b","","","","","0","","","","","","","","minutes","1","0","","",,,,"1",,,,,,
"/procesar termux","none","*🀃 ᴳᴼᴷᵁ (𐫱) 𝙱 𝙻 𝙰 𝙲 𝙺  🀃  🜲* 🔥\n\n```Se está procesando``` \n```Termux 0.12.20.1```<#>╔═════════════════╗\n║ ```Welcome to Termux``` \n║ `- root: pkg install`\n║ `- X11: pkg install`\n║    ```V: 0.12.20.1``` \n║_ _ _ _ _ _ _ _ _ _ _ _ _ _ _ _ _ _ _ \n║ -$ _\n║\n║\n║","all","","","b","","","","","0","","","","","","","","seconds","1","0","","",,,,"1",,,,,,
"node .js","none","╔═════════════════╗\n║ ```Welcome to Termux``` \n║ `- root: pkg install`\n║ `- X11: pkg install`\n║    ```V: 0.12.20.1``` \n║_ _ _ _ _ _ _ _ _ _ _ _ _ _ _ _ _ _ _ \n║ -$ node .js \n║\n║\n║","single","","","b","","","","","0","","","","","","","","seconds","0","0","150","",,,,"1",,,,,,
".","none","╔═════════════════╗\n║ ```Welcome to Termux``` \n║ `- root: pkg install`\n║ `- X11: pkg install`\n║    ```V: 0.12.20.1``` \n║_ _ _ _ _ _ _ _ _ _ _ _ _ _ _ _ _ _ _ \n║ -$ `node. .js`\n║ ```Processing - emulator```\n║\n║<#>╔═════════════════╗\n║ ```Welcome to Termux``` \n║ `- root: pkg install`\n║ `- X11: pkg install`\n║    ```V: 0.12.20.1``` \n║_ _ _ _ _ _ _ _ _ _ _ _ _ _ _ _ _ _ _ \n║ -$ `node. .js`\n║ ```Processing - emulator```\n║ -$ _\n║","all","1","1","b","","","","","0","","","","","","","","seconds","1","0","151","",,,,"1",,,,,,
"message","none","╔═════════════════╗\n║ ```Welcome to Termux``` \n║ `- root: pkg install`\n║ `- X11: pkg install`\n║    ```V: 0.12.20.1``` \n║_ _ _ _ _ _ _ _ _ _ _ _ _ _ _ _ _ _ _ \n║ -$ `message`\n║-\n║\n║","single","","","b","","","","","0","","","","","","","","seconds","1","0","150","",,,,"1",,,,,,
"*","none","╔═════════════════╗\n║ ```Welcome to Termux``` \n║ `- root: pkg install`\n║ `- X11: pkg install`\n║    ```V: 0.12.20.1``` \n║_ _ _ _ _ _ _ _ _ _ _ _ _ _ _ _ _ _ _ \n║ -$ message \n║%message%\n║\n║<#>%message%","all","1","1","b","","","","","0","","","","","","","","seconds","1","0","153","",,,,"1",,,,,,
"install","none","╔═════════════════╗\n║ ```Welcome to Termux``` \n║ `- root: pkg install`\n║ `- X11: pkg install`\n║    ```V: 0.12.20.1``` \n║_ _ _ _ _ _ _ _ _ _ _ _ _ _ _ _ _ _ _ \n║ -$ `node. .js`\n║ ```Processing - emulator```\n║ -$ `install`\n║","single","","","b","","","","","0","","","","","","","","seconds","1","0","152","",,,,"1",,,,,,
".","none","╔═════════════════╗\n║ ```Welcome to Termux``` \n║ `- root: pkg install`\n║ `- X11: pkg install`\n║    ```V: 0.12.20.1``` \n║_ _ _ _ _ _ _ _ _ _ _ _ _ _ _ _ _ _ _ \n║ -$ `node. .js`\n║ ```Processing - emulator```\n║ -$ `install`\n║ ```INSTALL NODE```<#>╔═════════════════╗\n║ ```Welcome to Termux``` \n║ `- root: pkg install`\n║ `- X11: pkg install`\n║    ```V: 0.12.20.1``` \n║_ _ _ _ _ _ _ _ _ _ _ _ _ _ _ _ _ _ _ \n║ -$ `node. .js`\n║ ```Processing - emulator```\n║ -$ `install`\n║ ```INSTALL NODE```\n║`no found comand`","all","","","b","","","","","0","","","","","","","","seconds","0","0","155","",,,,,,,,,,
"/comandos t","none","*🀃 ᴳᴼᴷᵁ (𐫱) 𝙱 𝙻 𝙰 𝙲 𝙺  🀃  🜲* 🔥\n\n/Procesar termux \nnode .js\nmessage \n.\ninstall\n.","single","","","b","","","","","0","","","","","","","","seconds","1","0","","",,,,"1",,,,,,
"/stiker","none","*🀃 ᴳᴼᴷᵁ (𐫱) 𝙱 𝙻 𝙰 𝙲 𝙺  🀃  🜲* 🔥\n\n𝑯𝒐𝒍𝒂 _!%name%!_\n𝒊𝒏𝒈𝒓𝒆𝒔𝒆 𝒂𝒍 𝒍𝒊𝒏𝒌 𝒉𝒂𝒚 \n𝒆𝒏𝒄𝒐𝒏𝒕𝒓𝒂𝒓𝒂𝒔 𝒍𝒐𝒔 𝒔𝒕𝒊𝒌𝒆𝒓𝒔 ‼️\n𝑳𝑰𝑵𝑲 (𝑾𝒉𝒂𝒕𝒔𝑨𝒑𝒑) 🪀\n> https://whatsapp.com/channel/0029VafImWN9MF936OfzBv1X","single","","","b","","","","","0","","","","","","","","seconds","1","0","","",,,,"1",,,,,,
"/google.*","normal","*🀃 ᴳᴼᴷᵁ (𐫱) 𝙱 𝙻 𝙰 𝙲 𝙺  🀃  🜲* 🔥\n\n𝑯𝒆𝒚 _!%name%!_\n𝒆𝒏𝒄𝒐𝒏𝒕𝒓𝒆 𝒆𝒔𝒕𝒐 ... : 🔎‼️\n\n\n*Link :* 🔱\n\nMeta : (link)\nhttps://wa.me/+1(313)5550002?text=%message_url_encoded%","single","","","b","","","","","0","","","","","","","","seconds","1","0","","",,,,"1",,,,,,
"/chrome.*","normal","*🀃 ᴳᴼᴷᵁ (𐫱) 𝙱 𝙻 𝙰 𝙲 𝙺  🀃  🜲* 🔥\n\n𝑯𝒆𝒚 _!%name%!_\n𝒆𝒏𝒄𝒐𝒏𝒕𝒓𝒆 𝒆𝒔𝒕𝒐 ... : 🔎‼️\n\nMeta : (link)\nhttps://wa.me/+1(313)5550002?text=%message_url_encoded%'Δ","single","","","b","","","","","0","","","","","","","","seconds","1","0","","",,,,"1",,,,,,
"⚠️quiero ser un subbot del bot: 🀃 ᴳᴼᴷᵁ (𐫱) 𝙱 𝙻 𝙰 𝙲 𝙺 🀃 🜲 🔥","none","*🀃 ᴳᴼᴷᵁ (𐫱) 𝙱 𝙻 𝙰 𝙲 𝙺  🀃  🜲* 🔥\n\n𝐂𝐨𝐧𝐭𝐚𝐜𝐭𝐞 𝐜𝐨𝐧 𝐦𝐢 𝐜𝐫𝐞𝐚𝐝𝐨𝐫 \n𝐍𝐮𝐦𝐞𝐫𝐨 : \n+51913444298\n\n𝐏𝐚𝐢𝐬 : \nPerú 🇵🇪","single","","","b","","","","","0","","","","","","","","seconds","1","0","","",,,,"1",,,,,,
"*","normal","*🀃 ᴳᴼᴷᵁ (𐫱) 𝙱 𝙻 𝙰 𝙲 𝙺  🀃  🜲* 🔥\n\n> *╭━⊰ 𝕮 ✨💕 ⊱━დ*\n> *┃ NIVEL ANTERIOR: 0*\n> *┃ NIVEL ACTUAL: 1*\n> *┃ RANGO:* *NOVATO* 🪤\n> *┃ FECHA: %month%/%day_of_month%/%year%*\n> *╰━⊰ 🎖️ NUEVO NIVEL 🎖️ ⊱━━დ*\n\n*_Escribe /inventario 1_*","single","","","b","","","","","0","","","","","","","","messages","5000","0","","",,,,"1","1",,,".1",,
"/inventario1","none","*🀃 ᴳᴼᴷᵁ (𐫱) 𝙱 𝙻 𝙰 𝙲 𝙺 🀃 🜲* 🔥\n\n> 𝐈𝐍𝐕𝐄𝐍𝐓𝐀𝐑𝐈𝐎 : ‼️\n\n𝐃𝐢𝐚𝐦𝐚𝐧𝐭𝐞𝐬 : ✨\n💎×15\n\n𝐓𝐨𝐤𝐞𝐧𝐬 : ✨\n💰×20\n\n𝐂𝐨𝐢𝐧𝐬 : ✨\n🪙×12\n\n𝐁𝐚𝐫𝐫𝐚𝐬 𝐝𝐞 𝐨𝐫𝐨 : ✨\n〽️×50\n\n𝐄𝐱𝐩𝐞𝐫𝐢𝐞𝐧𝐜𝐢𝐚 : ✨\n💸×1000","single","","","b","","","","","0","","","","","","","","seconds","0","0","162","",,,,,,,,,,
".*//!*//+*//÷*//•*//=*","normal","*🀃 ᴳᴼᴷᵁ (𐫱) 𝙱 𝙻 𝙰 𝙲 𝙺  🀃  🜲* 🔥\n\n𝑯𝒆𝒚 _!%name%!_ \n𝒄𝒐𝒎𝒂𝒏𝒅𝒐 _%message%_ 𝒏𝒐 \n𝒆𝒙𝒊𝒔𝒕𝒆, 𝒖𝒔𝒆 */menu*","single","","","b","","","","","0","","","","","","","","seconds","1","0","","",,,,"1",,,,,,
"/lvl","none","*🀃 ᴳᴼᴷᵁ (𐫱) 𝙱 𝙻 𝙰 𝙲 𝙺  🀃  🜲* 🔥\n\n> *╭━⊰ 𝕮 ✨💕 ⊱━დ*\n> *┃ NIVEL ACTUAL: 1*\n> *┃ RANGO:* *NOVATO* 🪤\n> *┃ FECHA: %month%/%day_of_month%/%year%*\n> *╰━⊰ 🎖️ ɴɪᴠᴇʟ 🎖️ ⊱━━დ*","single","","","b","","","","","0","","","","","","","","seconds","1","0","","",,,,"1",,,,,,
"/top","none","*🀃 ᴳᴼᴷᵁ (𐫱) 𝙱 𝙻 𝙰 𝙲 𝙺  🀃  🜲* 🔥\n\n╭━⊰🏆 𝗧𝗢𝗣 🏆⊱━დ*\n> 𝗠𝗮𝘀 𝗱𝗶𝗮𝗺𝗮𝗻𝘁𝗲𝘀 : 💎\n> 1-@\n> 2-@\n> 3-@\n> 4-@\n> 5-@Diego\n> 𝗠𝗮𝘀 𝗲𝘅𝗽𝗲𝗿𝗶𝗲𝗻𝗰𝗶𝗮 : 💸\n> 1-@\n> 2-@\n> 3-@\n> 4-@\n> 5-@Diego\n> 𝗠𝗲𝗷𝗼𝗿 𝗿𝗮𝗻𝗴𝗼 :🏆\n> 1-@\n> 2-@\n> 3-@\n> 4-@\n> 5-@Diego","single","","","b","","","","","0","","","","","","","","seconds","1","0","","",,,,"1",,,,,,
"/lvlup","none","*🀃 ᴳᴼᴷᵁ (𐫱) 𝙱 𝙻 𝙰 𝙲 𝙺  🀃  🜲* 🔥\n\n𝗥𝗮𝗻𝗴𝗼𝘀 𝘆 𝗰𝗹𝗮𝘀𝗶𝗳𝗶𝗰𝗮𝗰𝗶𝗼𝗻𝗲𝘀 : 🏅\n\n> 9 🏆𝗠𝗮𝗲𝘀𝘁𝗿𝗼\n> 8 🏅𝗗𝗶𝗮𝗺𝗮𝗻𝘁𝗲\n> 7 🎖️𝗣𝗹𝗮𝘁𝗶𝗻𝗼\n\n> 6 🥇𝗢𝗿𝗼\n> 5 🥈𝗣𝗹𝗮𝘁𝗮\n> 4 🥉𝗕𝗿𝗼𝗻𝗰𝗲\n> 3 🎗️𝗚𝘂𝗲𝗿𝗿𝗲𝗿𝗼\n\n> 2 🏹𝗧𝗶𝗿𝗮𝗱𝗼𝗿\n> 1 🪤𝗡𝗼𝘃𝗮𝘁𝗼\n> 0 🐛𝗖𝗲𝗿𝗼","single","","","b","","","","","0","","","","","","","","seconds","1","0","","",,,,"1",,,,,,
"/violar a (A-Za-z)","expert","*🀃 ᴳᴼᴷᵁ (𐫱) 𝙱 𝙻 𝙰 𝙲 𝙺 🀃 🜲* 🔥\n\n*El usuario %name%*\n*se ha violado ha %capturing_group_1%*\n*por su suave concha, y quedó*\n*muy exitada gritando haa ha !!* 🥵🥵","single","1","1","b","","","","","0","","","","","","","","seconds","1","0","","",,,,"1",,,,,,
"/cojer a (A-Za-z)","expert","*🀃 ᴳᴼᴷᵁ (𐫱) 𝙱 𝙻 𝙰 𝙲 𝙺 🀃 🜲* 🔥\n\n*El usuario %name%*\n*se cogió ha %capturing_group_1%*\n*y la dejo muy satisfecha,*\n*gimiendo como una perra*\n*HA HA COJEME MAS !!* 🫦🥵","single","1","1","b","","","","","0","","","","","","","","seconds","1","0","","",,,,"1",,,,,,
"/grupox","none","*🀃 ᴳᴼᴷᵁ (𐫱) 𝙱 𝙻 𝙰 𝙲 𝙺 🀃 🜲* 🔥\n\n⡋⣡⣴⣶⣶⡀⠄⠄⠙⢿⣿⣿⣿⣿⣿⣴⣿⣿⣿⢃⣤⣄⣀⣥⣿⠄\n⢸⣇⠻⣿⣿⣿⣧⣀⢀⣠⡌⢻⣿⣿⣿⣿⣿⣿⣿⣿⣿⠿⠿⠿⣿⣿⠄\n⢸⣿⣷⣤⣤⣤⣬⣙⣛⢿⣿⣿⣿⣿⣿⣿⡿⣿⣿⡍⠄⠄⢀⣤⣄⠉⣰\n⣖⣿⣿⣿⣿⣿⣿⣿⣿⣿⢿⣿⣿⣿⣿⣿⢇⣿⣿⡷⠶⠶⢿⣿⣿⠇⣤\n⣿⣿⣿⣿⣿⣿⣿⣿⣿⣿⣿⣽⣿⣿⣿⡇⣿⣿⣿⣿⣿⣿⣷⣶⣥⣴⡗\n⢿⣿⣿⣿⣿⣿⣿⣿⣿⣿⣿⣿⣿⣿⣿⣿⣿⣿⣿⣿⣿⣿⣿⣿⣿⣿⠄\n⣦⣌⣛⣻⣿⣿⣧⠙⠛⠛⡭⠅⠒⠦⠭⣭⡻⣿⣿⣿⣿⣿⣿⣿⣿⡿⠄\n⣿⣿⣿⣿⣿⣿⣿⡆⠄⠄⠄⠄⠄⠄⠄⠄⠹⠈⢋⣽⣿⣿⣿⣿⣵⣾⠄\n⣿⣿⣿⣿⣿⣿⣿⣿⠄⣴⣿⣶⣄⠄⣴⣶⠄⢀⣾⣿⣿⣿⣿⣿⣿⠃⠄\n⠈⠻⣿⣿⣿⣿⣿⣿⡄⢻⣿⣿⣿⠄⣿⣿⡀⣾⣿⣿⣿⣿⣛⠛⠁⠄⠄\n⠄⠄⠈⠛⢿⣿⣿⣿⠁⠞⢿⣿⣿⡄⢿⣿⡇⣸⣿⣿⠿⠛⠁⠄⠄⠄⠄\n⠄⠄⠄⠄⠄⠉⠻⣿⣿⣾⣦⡙⠻⣷⣾⣿⠃⠿⠋⠁⠄⠄⠄⠄⠄⢀⣴\n⣿⣶⣶⣮⣥⣒⠲⢮⣝⡿⣿⣿⡆⣿⡿⠃⠄⠄\n\n𝑯𝒆𝒚 _! %name%!_\n𝒔𝒐𝒍𝒐 𝒖𝒔𝒖𝒂𝒓𝒊𝒐𝒔 𝒑𝒓𝒆𝒎𝒊𝒖𝒎 ⚠️","single","","","b","","","","","0","","","","","","","","seconds","1","0","","",,,,"1",,,,,,
"/ia","none","*🀃 ᴳᴼᴷᵁ (𐫱) 𝙱 𝙻 𝙰 𝙲 𝙺 🀃 🜲* 🔥\n\n𝑯𝒆𝒚 _!%name%!_\n𝒆𝒔𝒄𝒓𝒊𝒃𝒂 𝒅𝒆𝒃𝒂𝒋𝒐 𝒅𝒆 𝒆𝒔𝒕𝒆 𝒎𝒆𝒏𝒔𝒂𝒋𝒆\n𝒔𝒐𝒃𝒓𝒆 𝒒𝒖𝒆 𝒍𝒆 𝒑𝒓𝒆𝒈𝒖𝒏𝒕𝒂𝒓𝒂𝒔 𝒂 𝒍𝒂 𝒊𝒂 📢\n𝐄𝐣𝐞𝐦𝐩𝐥𝐨 : 👇<#>Cuanto mide el planeta","all","","","b","","","","","0","","","","","","","","seconds","1","0","","",,,,"1",,,,,,
"*","none","*🀃 ᴳᴼᴷᵁ (𐫱) 𝙱 𝙻 𝙰 𝙲 𝙺 🀃 🜲* 🔥\n\n𝑯𝒆𝒚 _!%name%!_\n𝒊𝒏𝒈𝒓𝒆𝒔𝒆 𝒂𝒍 𝒆𝒏𝒍𝒂𝒄𝒆 : 😊‼️\n\n> https://wa.me/+1(313)5550002?text=%message_url_encoded%","single","","","b","","","","","0","","","","","","","","seconds","1","0","171","",,,,"1",,,,,,
"6","none","▀▁▂▃▄▅▆▇█▉▊▋▌▍▎▏▐░▒▓▔▕▖▗▘▙▚▛▜▝▞▟■▮","single","","","b","","","","","0","","","","","","","","seconds","1","0","142","",,,,"1",,,,,,
"/prndm","none","*🀃 ᴳᴼᴷᵁ (𐫱) 𝙱 𝙻 𝙰 𝙲 𝙺  🀃  🜲* 🔥\n\n𝗛𝗲𝘆 _!name!_ 𝗮𝗾𝘂𝗶 𝘁𝗶𝗲𝗻𝗲 𝘂𝗻𝗮 𝗽𝗮𝗹𝗮𝗯𝗿𝗮\n𝗿𝗮𝗻𝗱𝗼𝗺 [𝗔𝗹𝗲𝗮𝘁𝗼𝗿𝗶𝗼] 🤯 *!!*\n> %rndm_custom_1_mango, computadora, biblioteca, astronauta, guitarra, snowboard, café, helicóptero, poesía, química, bicicleta, museo, parque, piano, fotografía, vela, ajedrez, león, sol, luna, estrella, río, montaña, valle, ciudad, pueblo, playa, bosque, árbol, flor, abeja, mariposa, perro, gato, elefante, iguana, tortuga, pez, ballena, dinosaurio, pirata, castillo, dragón, hadas, magia, fantasía, ciencia, ficción, aventura, misterio, romance, comedia, drama, acción, suspenso, horror, música, baile, teatro, cine, televisión, radio, internet, teléfono, mensaje, correo, paquete, regalo, cumpleaños, navidad, halloween, thanksgiving, amor, amistad, familia, diversión, risa, sonrisa, felicidad, tristeza, llanto, dolor, miedo, valentía, esperanza, fe, paz, armonía, naturaleza, universo, espacio, tiempo, infinito, misterio, suerte, destino, vida, muerte, renacimiento, espiritualidad, alma, corazón, mente, cuerpo, salud, enfermedad, medicina, doctor, hospital, enfermera, paciente, cura, remedio, tratamiento, operación, cirugía, anestesia, dolor, sufrimiento, agonía, éxtasis, placer, disfrute, deleite, gozo, alegría, júbilo, triunfo, victoria, derrota, fracaso, error, equivocación, perdón, olvido, memoria, recuerdo, nostalgia, melancolía, tristeza, soledad, abandono, desamor, desilusión, desesperanza, desánimo, desaliento, desolación, desolado, desierto, vacío, nada, silencio, quietud, calma, paz, serenidad, tranquilidad, sosiego, reposo, descanso, sueño, vigilia, insomnio, sueño, pesadilla, noche, día, mañana, tarde, noche, mediodía, medianoche, amanecer, anochecer, crepúsculo, alba, ocaso, solsticio, equinoccio, estación, clima, tiempo, temperatura, calor, frío, lluvia, nieve, viento, tormenta, huracán, terremoto, maremoto, erupción, volcán, montaña, valle, río, lago, mar, océano, isla, continente, país, ciudad, pueblo, aldea, casa, hogar, familia, amigos, vecinos, comunidad, sociedad, cultura, tradición, costumbre, ritual, ceremonia, fiesta, celebración, aniversario, cumpleaños, graduación, boda, funeral, entierro, luto, duelo, tristeza, dolor, sufrimiento, agonía, éxtasis, placer, disfrute, deleite, gozo, alegría, júbilo, triunfo, victoria, derrota, fracaso, error, equivocación, perdón, olvido, memoria, recuerdo, nostalgia, melancolía, tristeza, soledad, abandono, desamor, desilusión, desesperanza, desánimo, desaliento, desolación, desolado, desierto, vacío, nada, silencio, quietud, calma, paz, serenidad, tranquilidad, sosiego, reposo, descanso, sueño, vigilia, insomnio, sueño, pesadilla, noche, día, mañana, tarde, noche, mediodía, medianoche, amanecer, anochecer, crepúsculo, alba, ocaso, solsticio, equinoccio, estación, clima, tiempo, temperatura, calor, frío, lluvia, nieve, viento, tormenta, huracán, terremoto, maremoto, erupción, volcán, montaña, valle, río, lago, mar, océano, isla, continente, país, ciudad, pueblo, aldea, casa, hogar, familia, amigos%","single","","","b","","","","","0","","","","","","","","seconds","1","0","","",,,,"1",,,,,,
"/terminar","none","*🀃 ᴳᴼᴷᵁ (𐫱) 𝙱 𝙻 𝙰 𝙲 𝙺 🀃 🜲* 🔥\n\n*El usuario %name%*\n*termino con %prev_message_69_1%*\n*y ya no son novios* ☹️💔\n\n*_Nivel de Desamor_* \n> *%rndm_num_1_1000%% desamor* 💔","single","","","b","","","","","0","","","","","","","","seconds","1","0","69","",,,,"1",,,,,,
"/serbot","none","*🀃 ᴳᴼᴷᵁ (𐫱) 𝙱 𝙻 𝙰 𝙲 𝙺 🀃 🜲* 🔥\n\n*Hey %name%*\n*Escriba el comando :*\n`/qr`\n`/code`\n*Para ser Su bot*","single","","","b","","","","","0","","","","","","","","seconds","0","0","","",,,,,,,,,,
"/qr","none","*🀃 ᴳᴼᴷᵁ (𐫱) 𝙱 𝙻 𝙰 𝙲 𝙺 🀃 🜲* 🔥\n\n`Opción no disponible` ⛔","single","","","b","","","","","0","","","","","","","","seconds","1","0","","",,,,"1",,,,,,
"/code","none","*🀃 ᴳᴼᴷᵁ (𐫱) 𝙱 𝙻 𝙰 𝙲 𝙺 🀃 🜲* 🔥\n\n*Hey se está enviando el código*<#>*🀃 ᴳᴼᴷᵁ (𐫱) 𝙱 𝙻 𝙰 𝙲 𝙺 🀃 🜲* 🔥\n%rndm_abc_upper_4% %rndm_abc_upper_4%","all","1","1","b","","","","","0","","","","","","","","seconds","1","0","","",,,,"1",,,,,,
"^/puta ([A-Za-z]+)","expert","*🀃 ᴳᴼᴷᵁ (𐫱) 𝙱 𝙻 𝙰 𝙲 𝙺 🀃 🜲* 🔥\n\n*Hey %name%*\n*%capturing_group_1% es la mas puta* \n*del planeta entero* ☠️🌍\n\n*_Nivel de Puta_* \n> *%rndm_num_1_1000%% puto* ☠️","single","","","b","","","","","0","","","","","","","","seconds","1","0","","",,,,"1",,,,,,
"^/loka ([A-Za-z]+)","expert","*🀃 ᴳᴼᴷᵁ (𐫱) 𝙱 𝙻 𝙰 𝙲 𝙺 🀃 🜲* 🔥\n\n*Hey %name%*\n*%capturing_group_1% es la mas* \n*loka del grupo* 🤪👻\n\n*_Nivel de Loka_* \n> *%rndm_num_1_1000%% loka* 👻","single","","","b","","","","","0","","","","","","","","seconds","1","0","","",,,,"1",,,,,,
"^/reg ([a-zA-Z]+)\. (\d{1,3})$","expert","*🀃 ᴳᴼᴷᵁ (𐫱) 𝙱 𝙻 𝙰 𝙲 𝙺 🀃 🜲* 🔥\n\n     🗣️ *𝐑𝐞𝐠𝐢𝐬𝐭𝐫𝐨 𝐄𝐱𝐢𝐭𝐨𝐬𝐨* 🗣️\n\n•┄┄┄┄┄ɪɴғᴏ - ᴜsᴇʀ┄┄┄┄┄┄•‼️\n「👤」𝗡𝗼𝗺𝗯𝗿𝗲: *%capturing_group_1%*\n「✨」𝗘𝗱𝗮𝗱: *%capturing_group_2% años*\n「🌄」𝗙𝗲𝗰𝗵𝗮: *%day_of_month%/%month%/%year%*\n「🌅」𝗗𝗶𝗮: *%day_of_week%*\n「⏳」𝗛𝗼𝗿𝗮: *%hour%:%minute%  %am/pm%*\n•┄┄┄┄┄ɪɴғᴏ - ᴜsᴇʀ┄┄┄┄┄┄•‼️\n\n\n「🎁」𝗥𝗲𝗰𝗼𝗺𝗽𝗲𝗻𝘀𝗮𝘀: 🎊\n\n• 15 𝐄𝐬𝐭𝐫𝐞𝐥𝐥𝐚𝐬 🌟\n• 5 𝐘𝐮𝐧𝐢𝐂𝐨𝐢𝐧𝐬 🪙\n• 245 𝐄𝐱𝐩𝐞𝐫𝐢𝐞𝐧𝐜𝐢𝐚 💸\n• 9 𝐃𝐢𝐚𝐦𝐚𝐧𝐭𝐞𝐬 💎\n• 12 𝐓𝐨𝐤𝐞𝐧𝐬 💰","single","","","b","","","","","0","","","","","","","","seconds","1","0","","",,,,"1",,,,,,
"/unreg","none","*🀃 ᴳᴼᴷᵁ (𐫱) 𝙱 𝙻 𝙰 𝙲 𝙺 🀃 🜲* 🔥\n\n*Hey %name% ya* \n*no estás registrado en el bot*","single","","","b","","","","","0","","","","","","","","seconds","1","0","","",,,,"1",,,,,,
"/reg","normal","*🀃 ᴳᴼᴷᵁ (𐫱) 𝙱 𝙻 𝙰 𝙲 𝙺 🀃 🜲* 🔥\n\nㅤ   ׁㅤ  ִㅤ⋱ㅤ ᮫    ⁝ㅤ᮫  ㅤ⋰ㅤ  ִㅤ  ׁㅤ     . \n\n | ͜͝  ࡙፝֟  ͜͝ || ͜͝  ࡙፝֟  ͜͝ |🔱𝐑𝐞𝐠𝐢𝐬𝐭𝐫𝐨🔱| ͜͝  ࡙፝֟  ͜͝ || ͜͝  ࡙፝֟  ͜͝ |    \n\n𓈈 𝅄 ⚜️᧔𝐖𝐄𝐋𝐂𝐎𝐌𝐄᧓♻️ 𝅄 𓈈\n\n*Como debe registrarse ??* 😺👇\nㅤ ⃝ܶ𝑷𝒂𝒔𝒐𝒔 :  \n𝐔𝐬𝐞 𝐞𝐥 𝐜𝐨𝐦𝐚𝐧𝐝𝐨 :\n*/reg el nombre. Edad*\n\n𝐄𝐉𝐄𝐌𝐏𝐋𝐎 : ✅\n/reg Goku. 18\n\n*Usa letras alfabéticas no §¥*","all","1","1","b","","","","","0","","","","","","","","seconds","1","0","","",,,,"1",,,,,,
"/whatmusic","none","*🀃 ᴳᴼᴷᵁ (𐫱) 𝙱 𝙻 𝙰 𝙲 𝙺 🀃 🜲* 🔥\n\n𝑯𝒆𝒚 _!%name%!_\n𝒆𝒏𝒗𝒊𝒆 𝒆𝒍 𝒗𝒊𝒅𝒆𝒐 𝒑𝒂𝒓𝒂 𝒃𝒖𝒔𝒄𝒂𝒓\n𝒍𝒂 𝒎𝒖𝒔𝒊𝒄𝒂 : 📳‼️\n\n𝑶𝑱𝑶 : _el video debe de_\n_durar mas de 10 segundos_","single","","","b","","","","","0","","","","","","","","seconds","1","0","","",,,,"1",,,,,,
"🎥 video *","normal","*🀃 ᴳᴼᴷᵁ (𐫱) 𝙱 𝙻 𝙰 𝙲 𝙺 🀃 🜲* 🔥\n\n*Hey %name%* \n*Buscando musica...*","single","","","b","","","","","0","","","","","","","","seconds","1","0","184","",,,,"1",,,,,,
"/letra","none","*🀃 ᴳᴼᴷᵁ (𐫱) 𝙱 𝙻 𝙰 𝙲 𝙺 🀃 🜲* 🔥\n\n_ʜᴇʏ %name%_\n_ᴇsᴄʀɪʙᴀ ᴇʟ ᴛᴇxᴛᴏ ᴅᴇsᴘᴜᴇs_\n_ᴅᴇ ᴇsᴛᴇ ᴍᴇɴsᴀᴊᴇ !!_✨","single","","","b","","","","","0","","","","","","","","seconds","1","0","","",,,,"1",,,,,,
"*","none","%message%","single","","","b","","","","","0","","","","","","","","seconds","1","1","","",,,,"1",,,,,,
"*","none","*🀃 ᴳᴼᴷᵁ (𐫱) 𝙱 𝙻 𝙰 𝙲 𝙺 🀃 🜲* 🔥\n\n~𝐎 𝐏 𝐂 𝐈 𝐎 𝐍 𝐄 𝐒~ ‼️🔍\n\nᴏᴘᴄɪᴏɴ 1 → `ejemplo`\nᴏᴘᴄɪᴏɴ 2 → *ejemplo*\nᴏᴘᴄɪᴏɴ 3 → > ejemplo\nᴏᴘᴄɪᴏɴ 4 → ~ejemplo~\nᴏᴘᴄɪᴏɴ 5 → _ejemplo_\nᴏᴘᴄɪᴏɴ 6 → ```ejemplo```\n\n*Escriba :* 😉✅\n\n1 para la opcion 1\n2 para la opcion 2\n3 para la opcion 3\n4 para la opcion 4\n5 para la opcion 5\n6 para la opcion 6","single","","","b","","","","","0","","","","","","","","seconds","1","0","186","",,,,"1",,,,,,
"1","none","*🀃 ᴳᴼᴷᵁ (𐫱) 𝙱 𝙻 𝙰 𝙲 𝙺 🀃 🜲* 🔥\n\n_ʜᴇʏ %name%_\n_sᴜ ᴛᴇxᴛᴏ ᴀǫᴜɪ ᴀʙᴀᴊᴏ_ 🥳👇<#>`%prev_message_195_1%`","all","","","b","","","","","0","","","","","","","","seconds","1","0","188","",,,,"1",,,,,,
"2","none","*🀃 ᴳᴼᴷᵁ (𐫱) 𝙱 𝙻 𝙰 𝙲 𝙺 🀃 🜲* 🔥\n\n_ʜᴇʏ %name%_\n_sᴜ ᴛᴇxᴛᴏ ᴀǫᴜɪ ᴀʙᴀᴊᴏ_ 🥳👇<#>*%prev_message_195_1%*","all","","","b","","","","","0","","","","","","","","seconds","1","0","188","",,,,"1",,,,,,
"3","none","*🀃 ᴳᴼᴷᵁ (𐫱) 𝙱 𝙻 𝙰 𝙲 𝙺 🀃 🜲* 🔥\n\n_ʜᴇʏ %name%_\n_sᴜ ᴛᴇxᴛᴏ ᴀǫᴜɪ ᴀʙᴀᴊᴏ_ 🥳👇<#>> %prev_message_195_1%","all","","","b","","","","","0","","","","","","","","seconds","1","0","188","",,,,"1",,,,,,
"4","none","*🀃 ᴳᴼᴷᵁ (𐫱) 𝙱 𝙻 𝙰 𝙲 𝙺 🀃 🜲* 🔥\n\n_ʜᴇʏ %name%_\n_sᴜ ᴛᴇxᴛᴏ ᴀǫᴜɪ ᴀʙᴀᴊᴏ_ 🥳👇<#>~%prev_message_195_1%~","all","","","b","","","","","0","","","","","","","","seconds","1","0","188","",,,,"1",,,,,,
"5","none","*🀃 ᴳᴼᴷᵁ (𐫱) 𝙱 𝙻 𝙰 𝙲 𝙺 🀃 🜲* 🔥\n\n_ʜᴇʏ %name%_\n_sᴜ ᴛᴇxᴛᴏ ᴀǫᴜɪ ᴀʙᴀᴊᴏ_ 🥳👇<#>_%prev_message_195_1%_","all","","","b","","","","","0","","","","","","","","seconds","1","0","188","",,,,"1",,,,,,
"6","none","*🀃 ᴳᴼᴷᵁ (𐫱) 𝙱 𝙻 𝙰 𝙲 𝙺 🀃 🜲* 🔥\n\n_ʜᴇʏ %name%_\n_sᴜ ᴛᴇxᴛᴏ ᴀǫᴜɪ ᴀʙᴀᴊᴏ_ 🥳👇<#>```%prev_message_195_1%```","all","","","b","","","","","0","","","","","","","","seconds","1","0","188","",,,,"1",,,,,,
